#	alphatic	aromatic	postivecharge	negativecharge	uncharge
3a0b_Z	0.6290322580645161	0.12903225806451613	0.03225806451612903	0.03225806451612903	0.1774193548387097
5a1s_A	0.5625	0.10044642857142858	0.078125	0.0625	0.19642857142857142
4a2n_B	0.44329896907216493	0.15463917525773196	0.14432989690721648	0.08247422680412371	0.17525773195876287
6a2j_A	0.5080906148867314	0.12944983818770225	0.0970873786407767	0.038834951456310676	0.22653721682847897
6a2w_A	0.47305389221556887	0.10778443113772455	0.09580838323353294	0.1497005988023952	0.17365269461077845
3a3y_B	0.32459016393442625	0.14098360655737704	0.15081967213114755	0.12131147540983607	0.26229508196721313
3a3y_G	0.40540540540540543	0.06756756756756757	0.13513513513513514	0.10810810810810811	0.28378378378378377
5a40_A	0.6171875	0.109375	0.0546875	0.0234375	0.1953125
2a65_A	0.5086705202312138	0.1599229287090559	0.08863198458574181	0.06936416184971098	0.17341040462427745
5a63_A	0.3765867418899859	0.0930888575458392	0.10296191819464035	0.10155148095909731	0.32581100141043723
5a63_B	0.4282655246252677	0.10706638115631692	0.09850107066381156	0.10920770877944326	0.2569593147751606
5a63_C	0.5169811320754717	0.13962264150943396	0.0830188679245283	0.06415094339622641	0.19622641509433963
5a63_D	0.39603960396039606	0.22772277227722773	0.0891089108910891	0.0594059405940594	0.22772277227722773
6a69_A	0.40345368916797486	0.06593406593406594	0.1357927786499215	0.1326530612244898	0.2621664050235479
6a69_B	0.3617021276595745	0.06382978723404255	0.13120567375886524	0.11347517730496454	0.32978723404255317
3a7k_A	0.5429553264604811	0.10309278350515463	0.041237113402061855	0.07903780068728522	0.23367697594501718
6a70_B	0.44319167389418906	0.09540329575021683	0.13009540329575023	0.08846487424111014	0.24284475281873374
4a82_A	0.44982698961937717	0.09342560553633218	0.12283737024221453	0.10207612456747404	0.23183391003460208
6a90_A	0.41040100250626566	0.14035087719298245	0.11027568922305764	0.10401002506265664	0.2349624060150376
6a93_A	0.4601063829787234	0.10904255319148937	0.09840425531914894	0.08244680851063829	0.25
6ab9_A	0.5067567567567568	0.12837837837837837	0.0777027027027027	0.057432432432432436	0.22972972972972974
2ac6_A	0.42618384401114207	0.13649025069637882	0.12256267409470752	0.052924791086350974	0.2618384401114206
2acz_C	0.5348837209302325	0.10852713178294573	0.10852713178294573	0.05426356589147287	0.1937984496124031
2acz_D	0.591304347826087	0.16521739130434782	0.06086956521739131	0.034782608695652174	0.14782608695652175
4ac5_H	0.4418604651162791	0.08527131782945736	0.12015503875968993	0.13953488372093023	0.2131782945736434
6ad7_A	0.5644820295983086	0.08879492600422834	0.08879492600422834	0.05919661733615222	0.19873150105708245
6adq_E	0.40175953079178883	0.10850439882697947	0.11143695014662756	0.12023460410557185	0.25806451612903225
6adq_G	0.5073891625615764	0.15270935960591134	0.07881773399014778	0.03940886699507389	0.22167487684729065
6adq_H	0.5035971223021583	0.15827338129496402	0.06474820143884892	0.09352517985611511	0.17985611510791366
6adq_I	0.4936708860759494	0.0759493670886076	0.16455696202531644	0.0759493670886076	0.189873417721519
6adq_D	0.47	0.09	0.13	0.12	0.19
6adq_C	0.47278911564625853	0.05442176870748299	0.11904761904761904	0.08163265306122448	0.272108843537415
6adq_A	0.4156769596199525	0.09501187648456057	0.13539192399049882	0.1187648456057007	0.23515439429928742
5aex_A	0.4752475247524752	0.11485148514851486	0.08712871287128712	0.06336633663366337	0.2594059405940594
6aei_A	0.38300653594771245	0.11764705882352941	0.13333333333333333	0.1084967320261438	0.257516339869281
2ag3_A	0.3870967741935484	0.03225806451612903	0.25806451612903225	0.22580645161290322	0.0967741935483871
6ak3_B	0.46539379474940334	0.09069212410501193	0.11455847255369929	0.07159904534606205	0.2577565632458234
2amk_A	0.3722772277227723	0.10891089108910891	0.11683168316831684	0.07920792079207921	0.3227722772277228
3aou_A	0.6025641025641025	0.09615384615384616	0.04487179487179487	0.03205128205128205	0.22435897435897437
4aq5_A	0.40997830802603036	0.10845986984815618	0.11062906724511931	0.10412147505422993	0.2668112798264642
4aq5_C	0.3735632183908046	0.11494252873563218	0.11302681992337164	0.10727969348659004	0.29118773946360155
1ar1_B	0.48322147651006714	0.09731543624161074	0.08389261744966443	0.10067114093959731	0.2348993288590604
4atv_A	0.5860349127182045	0.09226932668329177	0.08478802992518704	0.05236907730673317	0.18453865336658354
2aui_A	0.4978165938864629	0.08733624454148471	0.10043668122270742	0.09606986899563319	0.2183406113537118
4av3_A	0.5306122448979592	0.10068027210884353	0.08707482993197278	0.07346938775510205	0.20816326530612245
4avm_A	0.31645569620253167	0.0970464135021097	0.189873417721519	0.16877637130801687	0.22784810126582278
6ave_A	0.3510436432637571	0.11005692599620494	0.13282732447817835	0.1366223908918406	0.269449715370019
5aww_E	0.5	0.15	0.11666666666666667	0.08333333333333333	0.15
5aww_G	0.6666666666666666	0.10666666666666667	0.05333333333333334	0.05333333333333334	0.12
5awz_A	0.5655737704918032	0.12704918032786885	0.05327868852459016	0.05737704918032787	0.19672131147540983
6awf_C	0.46153846153846156	0.15384615384615385	0.11538461538461539	0.06153846153846154	0.2076923076923077
6awf_D	0.5798319327731093	0.11764705882352941	0.10084033613445378	0.04201680672268908	0.15966386554621848
2axt_B	0.4294117647058823	0.15098039215686274	0.10392156862745099	0.09019607843137255	0.22549019607843138
2axt_C	0.46511627906976744	0.13107822410147993	0.09725158562367865	0.07610993657505286	0.23044397463002114
2axt_E	0.36904761904761907	0.14285714285714285	0.09523809523809523	0.10714285714285714	0.2857142857142857
2axt_F	0.4222222222222222	0.13333333333333333	0.06666666666666667	0.022222222222222223	0.35555555555555557
3ayf_A	0.45875	0.1525	0.11	0.0825	0.19625
3aym_A	0.41517857142857145	0.13616071428571427	0.08258928571428571	0.06919642857142858	0.296875
4ayw_A	0.46526655896607433	0.0791599353796446	0.11793214862681745	0.0888529886914378	0.24878836833602586
5aym_A	0.49318181818181817	0.12272727272727273	0.09090909090909091	0.06136363636363636	0.2318181818181818
5azb_A	0.4633333333333333	0.16333333333333333	0.10666666666666667	0.056666666666666664	0.21
2b0x_A	0.4093567251461988	0.13450292397660818	0.11403508771929824	0.05263157894736842	0.2894736842105263
6b2z_L	0.4791666666666667	0.20833333333333334	0.0625	0.0	0.25
6b2z_N	0.4019138755980861	0.05741626794258373	0.13875598086124402	0.1291866028708134	0.2727272727272727
6b2z_Q	0.3894736842105263	0.12631578947368421	0.2	0.05263157894736842	0.23157894736842105
6b2z_S	0.3728813559322034	0.1694915254237288	0.15254237288135594	0.0847457627118644	0.22033898305084745
6b2z_T	0.39705882352941174	0.07352941176470588	0.19117647058823528	0.11764705882352941	0.22058823529411764
6b3j_R	0.37678207739307534	0.1425661914460285	0.12016293279022404	0.08757637474541752	0.2729124236252546
3b4r_A	0.5669642857142857	0.10714285714285714	0.10267857142857142	0.05803571428571429	0.16517857142857142
4b4a_A	0.5180722891566265	0.14457831325301204	0.09236947791164658	0.0642570281124498	0.18072289156626506
3b5d_A	0.5545454545454546	0.12727272727272726	0.045454545454545456	0.02727272727272727	0.24545454545454545
5b57_A	0.6285714285714286	0.046753246753246755	0.10649350649350649	0.04415584415584416	0.17402597402597403
2b6s_A	0.4732620320855615	0.0962566844919786	0.11764705882352941	0.0481283422459893	0.2647058823529412
2b6v_A	0.39349112426035504	0.14201183431952663	0.11834319526627218	0.05029585798816568	0.2958579881656805
6b85_J	0.484304932735426	0.053811659192825115	0.14798206278026907	0.16143497757847533	0.15246636771300448
6b87_A	0.5135135135135135	0.036036036036036036	0.17117117117117117	0.16216216216216217	0.11711711711711711
3b9w_A	0.5577395577395577	0.08845208845208845	0.085995085995086	0.06388206388206388	0.20393120393120392
6baj_B	0.4806054872280038	0.08514664143803216	0.09271523178807947	0.09271523178807947	0.24881740775780511
4bbj_A	0.5108695652173914	0.04755434782608696	0.11820652173913043	0.09918478260869565	0.22418478260869565
6bbf_A	0.4485981308411215	0.08878504672897196	0.11214953271028037	0.09813084112149532	0.2523364485981308
6bbj_A	0.3836405529953917	0.10483870967741936	0.13248847926267282	0.11290322580645161	0.2661290322580645
6bcj_B	0.4019138755980861	0.09170653907496013	0.14274322169059012	0.11164274322169059	0.25199362041467305
6bd4_A	0.4142857142857143	0.1380952380952381	0.10952380952380952	0.10952380952380952	0.22857142857142856
1be3_K	0.44642857142857145	0.125	0.14285714285714285	0.07142857142857142	0.21428571428571427
4bem_J	0.6373626373626373	0.07142857142857142	0.04395604395604396	0.04945054945054945	0.1978021978021978
4bgn_A	0.44966442953020136	0.13087248322147652	0.1174496644295302	0.10067114093959731	0.20134228187919462
6bh8_A	0.39337474120082816	0.15527950310559005	0.12008281573498965	0.10351966873706005	0.2277432712215321
6bhp_A	0.465	0.13	0.075	0.065	0.265
6bhu_A	0.4262508122157245	0.09876543209876543	0.11695906432748537	0.09876543209876543	0.25925925925925924
2bmn_A	0.4245614035087719	0.11929824561403508	0.11929824561403508	0.06315789473684211	0.2736842105263158
6bms_A	0.3343108504398827	0.15835777126099707	0.12903225806451613	0.08797653958944282	0.2903225806451613
5bn2_A	0.5053763440860215	0.13620071684587814	0.06451612903225806	0.053763440860215055	0.24014336917562723
6bo8_A	0.41778975741239893	0.10107816711590296	0.1293800539083558	0.10242587601078167	0.24932614555256064
4bpd_A	0.5538461538461539	0.07692307692307693	0.13076923076923078	0.09230769230769231	0.14615384615384616
4bpm_A	0.43258426966292135	0.11235955056179775	0.1797752808988764	0.07303370786516854	0.20224719101123595
6bqn_C	0.3243847874720358	0.116331096196868	0.11409395973154363	0.10961968680089486	0.33557046979865773
2bs2_C	0.41796875	0.1640625	0.1328125	0.08203125	0.203125
6btm_A	0.42342342342342343	0.08558558558558559	0.13288288288288289	0.08558558558558559	0.2725225225225225
6btm_D	0.41954022988505746	0.1206896551724138	0.11494252873563218	0.11494252873563218	0.22988505747126436
6btm_F	0.44396551724137934	0.17456896551724138	0.10991379310344827	0.07543103448275862	0.1961206896551724
6bug_C	0.4188235294117647	0.17882352941176471	0.1388235294117647	0.0611764705882353	0.2023529411764706
3bvd_B	0.44047619047619047	0.1130952380952381	0.10714285714285714	0.08333333333333333	0.25595238095238093
7bvc_A	0.49356617647058826	0.09558823529411764	0.08639705882352941	0.07996323529411764	0.24448529411764705
7bvf_B	0.478494623655914	0.0931899641577061	0.1039426523297491	0.06272401433691756	0.2616487455197133
4bwz_A	0.6294416243654822	0.08121827411167512	0.06598984771573604	0.08121827411167512	0.14213197969543148
6bw5_A	0.4580335731414868	0.13189448441247004	0.09352517985611511	0.05995203836930456	0.2565947242206235
3c02_A	0.4689922480620155	0.14728682170542637	0.08527131782945736	0.06589147286821706	0.23255813953488372
6c08_C	0.4321503131524008	0.16075156576200417	0.08350730688935282	0.05219206680584551	0.27139874739039666
2c10_A	0.3782312925170068	0.12244897959183673	0.11020408163265306	0.09387755102040816	0.29523809523809524
3c1g_A	0.5825471698113207	0.10141509433962265	0.07547169811320754	0.05660377358490566	0.18396226415094338
6c14_A	0.4094955489614243	0.08902077151335312	0.13649851632047477	0.12166172106824925	0.2433234421364985
6c14_B	0.4692982456140351	0.13596491228070176	0.07894736842105263	0.07017543859649122	0.24561403508771928
5c2t_C	0.46808510638297873	0.11702127659574468	0.14361702127659576	0.0425531914893617	0.22872340425531915
5c2t_D	0.5192307692307693	0.10897435897435898	0.12179487179487179	0.07051282051282051	0.1794871794871795
6c26_A	0.4331476323119777	0.15459610027855153	0.10584958217270195	0.08635097493036212	0.2200557103064067
6c26_1	0.3319327731092437	0.14285714285714285	0.09453781512605042	0.11134453781512606	0.31932773109243695
6c26_5	0.4069767441860465	0.1744186046511628	0.09302325581395349	0.03488372093023256	0.29069767441860467
6c26_4	0.5	0.05555555555555555	0.05555555555555555	0.08333333333333333	0.3055555555555556
6c26_2	0.4076923076923077	0.14615384615384616	0.11538461538461539	0.046153846153846156	0.2846153846153846
6c26_3	0.38571428571428573	0.13142857142857142	0.1	0.06857142857142857	0.3142857142857143
6c26_C	0.42657342657342656	0.1048951048951049	0.1048951048951049	0.09090909090909091	0.2727272727272727
6c26_B	0.3186046511627907	0.1325581395348837	0.12325581395348838	0.12325581395348838	0.3023255813953488
6c3i_A	0.5595505617977528	0.07865168539325842	0.09887640449438202	0.056179775280898875	0.20674157303370785
6c3o_A	0.43596059113300495	0.07635467980295567	0.1330049261083744	0.0960591133004926	0.25862068965517243
5c6o_A	0.5538793103448276	0.10560344827586207	0.07327586206896551	0.05172413793103448	0.21551724137931033
5c6p_A	0.5381263616557734	0.1437908496732026	0.07625272331154684	0.0457516339869281	0.19607843137254902
6c6l_D	0.5975609756097561	0.0975609756097561	0.054878048780487805	0.036585365853658534	0.21341463414634146
6c6l_C	0.5539906103286385	0.11737089201877934	0.07042253521126761	0.051643192488262914	0.20657276995305165
6c6l_N	0.3433962264150943	0.11320754716981132	0.06415094339622641	0.18490566037735848	0.2943396226415094
6c6l_M	0.4794520547945205	0.136986301369863	0.0821917808219178	0.0410958904109589	0.2602739726027397
6c6l_O	0.4588235294117647	0.12941176470588237	0.10588235294117647	0.058823529411764705	0.24705882352941178
4c7r_A	0.5212014134275619	0.11307420494699646	0.0812720848056537	0.06890459363957598	0.21554770318021202
5c73_C	0.4219858156028369	0.12234042553191489	0.1347517730496454	0.09397163120567376	0.22695035460992907
6c70_A	0.4435146443514644	0.11715481171548117	0.1087866108786611	0.07112970711297072	0.2594142259414226
5c8j_I	0.463768115942029	0.13526570048309178	0.1497584541062802	0.06280193236714976	0.18840579710144928
4c9j_A	0.4503105590062112	0.10869565217391304	0.15838509316770186	0.06832298136645963	0.21428571428571427
6c96_A	0.39636363636363636	0.13454545454545455	0.11757575757575757	0.08606060606060606	0.26545454545454544
4cad_C	0.45018450184501846	0.18081180811808117	0.07749077490774908	0.04428044280442804	0.24723247232472326
6caa_A	0.3922705314009662	0.10144927536231885	0.1285024154589372	0.11400966183574879	0.263768115942029
5cbf_A	0.46511627906976744	0.10077519379844961	0.13953488372093023	0.05426356589147287	0.24031007751937986
6cb2_A	0.5358361774744027	0.10921501706484642	0.11262798634812286	0.05460750853242321	0.18771331058020477
6cc4_A	0.5244299674267101	0.0993485342019544	0.0993485342019544	0.06188925081433225	0.21498371335504887
6cdu_A	0.3734567901234568	0.1388888888888889	0.10185185185185185	0.09876543209876543	0.28703703703703703
4cfg_A	0.31746031746031744	0.0746031746031746	0.15873015873015872	0.1111111111111111	0.3380952380952381
6cfw_H	0.5705882352941176	0.11764705882352941	0.07254901960784314	0.050980392156862744	0.18823529411764706
6cfw_G	0.5811965811965812	0.07692307692307693	0.09401709401709402	0.042735042735042736	0.20512820512820512
6cfw_D	0.6041666666666666	0.052083333333333336	0.11458333333333333	0.08333333333333333	0.14583333333333334
6cfw_I	0.48695652173913045	0.1565217391304348	0.10434782608695652	0.08695652173913043	0.16521739130434782
6cfw_M	0.5545171339563862	0.12149532710280374	0.08411214953271028	0.056074766355140186	0.1838006230529595
6cfw_F	0.5743243243243243	0.12162162162162163	0.08783783783783784	0.033783783783783786	0.18243243243243243
6cfw_A	0.4550898203592814	0.1317365269461078	0.08982035928143713	0.08383233532934131	0.23952095808383234
6cfw_E	0.47474747474747475	0.1414141414141414	0.10101010101010101	0.1414141414141414	0.1414141414141414
6cfw_C	0.5080645161290323	0.0967741935483871	0.14516129032258066	0.04838709677419355	0.20161290322580644
6cfw_B	0.6547619047619048	0.10714285714285714	0.047619047619047616	0.047619047619047616	0.14285714285714285
4cg4_B	0.35904255319148937	0.09042553191489362	0.14627659574468085	0.13031914893617022	0.27393617021276595
4cg6_C	0.4270833333333333	0.07291666666666667	0.13541666666666666	0.020833333333333332	0.34375
3chx_B	0.4642857142857143	0.1865079365079365	0.08333333333333333	0.05555555555555555	0.21031746031746032
4chv_A	0.5346260387811634	0.08587257617728532	0.10249307479224377	0.0664819944598338	0.21052631578947367
6cjq_A	0.4517543859649123	0.08552631578947369	0.1337719298245614	0.10087719298245613	0.22807017543859648
5ckr_A	0.5013698630136987	0.15342465753424658	0.09863013698630137	0.052054794520547946	0.19452054794520549
3cn5_A	0.5	0.11513157894736842	0.1118421052631579	0.05921052631578947	0.2138157894736842
6cnm_A	0.4847775175644028	0.07494145199063232	0.14754098360655737	0.06557377049180328	0.22716627634660422
6co7_A	0.4032051282051282	0.09358974358974359	0.1326923076923077	0.12371794871794872	0.2467948717948718
6coy_A	0.4159919028340081	0.09008097165991903	0.1082995951417004	0.10425101214574899	0.2813765182186235
2cpb_A	0.5	0.12	0.1	0.08	0.2
6cq6_A	0.4807692307692308	0.125	0.08653846153846154	0.08012820512820513	0.22756410256410256
6cse_M	0.5607064017660044	0.12141280353200883	0.06181015452538632	0.052980132450331126	0.20309050772626933
5ctg_A	0.5044642857142857	0.16071428571428573	0.0625	0.049107142857142856	0.22321428571428573
4cz8_A	0.5402843601895735	0.11137440758293839	0.09004739336492891	0.07109004739336493	0.1872037914691943
4czb_A	0.5586854460093896	0.10093896713615023	0.07746478873239436	0.07981220657276995	0.18309859154929578
5d0y_A	0.5217391304347826	0.125	0.13043478260869565	0.043478260869565216	0.1793478260869565
6d0j_A	0.5154394299287411	0.12589073634204276	0.0855106888361045	0.0498812351543943	0.22327790973871733
2d2c_A	0.4790697674418605	0.14883720930232558	0.08837209302325581	0.05116279069767442	0.23255813953488372
2d2c_B	0.49375	0.1125	0.08125	0.0625	0.25
2d2c_D	0.41899441340782123	0.0893854748603352	0.11731843575418995	0.1005586592178771	0.2737430167597765
3d31_C	0.48135593220338985	0.1288135593220339	0.12203389830508475	0.061016949152542375	0.20677966101694914
4d6t_E	0.40875912408759124	0.06569343065693431	0.145985401459854	0.10218978102189781	0.2773722627737226
4d6t_G	0.3048780487804878	0.15853658536585366	0.2073170731707317	0.06097560975609756	0.2682926829268293
4d6t_J	0.390625	0.140625	0.1875	0.109375	0.171875
4d6u_D	0.4430769230769231	0.08	0.14461538461538462	0.08923076923076922	0.24307692307692308
6d79_A	0.5378486055776892	0.13545816733067728	0.08366533864541832	0.055776892430278883	0.18725099601593626
5da0_A	0.5465346534653466	0.08712871287128712	0.08712871287128712	0.06336633663366337	0.21584158415841584
4dbl_A	0.5902578796561605	0.07736389684813753	0.09742120343839542	0.034383954154727794	0.20057306590257878
6dd9_A	0.2777777777777778	0.0763888888888889	0.18055555555555555	0.13194444444444445	0.3333333333333333
5dgy_A	0.40618101545253865	0.10706401766004416	0.11147902869757174	0.09823399558498896	0.27704194260485654
3dhw_A	0.6036866359447005	0.09216589861751152	0.06451612903225806	0.03225806451612903	0.2073732718894009
3din_E	0.5263157894736842	0.11842105263157894	0.11842105263157894	0.02631578947368421	0.21052631578947367
5dir_A	0.48404255319148937	0.13297872340425532	0.1276595744680851	0.06382978723404255	0.19148936170212766
4dji_A	0.5401174168297456	0.11154598825831702	0.07436399217221135	0.04892367906066536	0.22504892367906065
5djq_A	0.5	0.15822784810126583	0.08649789029535865	0.04008438818565401	0.21518987341772153
5djq_B	0.4039408866995074	0.08866995073891626	0.1477832512315271	0.12315270935960591	0.23645320197044334
5djq_C	0.4630225080385852	0.11254019292604502	0.09003215434083602	0.0932475884244373	0.24115755627009647
6djz_A	0.44933920704845814	0.13656387665198239	0.09691629955947137	0.09251101321585903	0.22466960352422907
3dl8_C	0.49230769230769234	0.1076923076923077	0.15384615384615385	0.09230769230769231	0.15384615384615385
3dl8_E	0.5327102803738317	0.07476635514018691	0.1308411214953271	0.06542056074766354	0.19626168224299065
5dn6_J	0.6883116883116883	0.09090909090909091	0.012987012987012988	0.025974025974025976	0.18181818181818182
5dn6_X	0.5524193548387096	0.11693548387096774	0.08870967741935484	0.04838709677419355	0.1935483870967742
1dop_D	0.43909348441926344	0.16997167138810199	0.07932011331444759	0.07932011331444759	0.23229461756373937
5do7_A	0.42342342342342343	0.0915915915915916	0.13063063063063063	0.07357357357357357	0.2807807807807808
5do7_B	0.4145985401459854	0.10802919708029197	0.10802919708029197	0.08467153284671533	0.2846715328467153
5doq_A	0.49776785714285715	0.12276785714285714	0.10267857142857142	0.07589285714285714	0.20089285714285715
5doq_B	0.49707602339181284	0.19883040935672514	0.07309941520467836	0.049707602339181284	0.18128654970760233
6drk_A	0.37449118046132973	0.09362279511533243	0.14721845318860244	0.12618724559023067	0.25848032564450474
3dtu_A	0.4717314487632509	0.16607773851590105	0.08657243816254417	0.04946996466431095	0.22614840989399293
6dt0_A	0.32461873638344224	0.07407407407407407	0.20261437908496732	0.17429193899782136	0.22440087145969498
5duo_A	0.4713375796178344	0.18471337579617833	0.05732484076433121	0.050955414012738856	0.2356687898089172
4dve_A	0.5303030303030303	0.12626262626262627	0.10606060606060606	0.020202020202020204	0.21717171717171718
1dw9_A	0.4807692307692308	0.0641025641025641	0.12179487179487179	0.14102564102564102	0.19230769230769232
5dwy_A	0.5776255707762558	0.08447488584474885	0.09817351598173515	0.05707762557077625	0.182648401826484
1dx7_A	0.4583333333333333	0.16666666666666666	0.08333333333333333	0.10416666666666667	0.1875
4dxw_A	0.48034934497816595	0.14410480349344978	0.07423580786026202	0.08296943231441048	0.2183406113537118
6dz7_B	0.36462585034013606	0.12244897959183673	0.1414965986394558	0.1292517006802721	0.24217687074829933
5e1j_A	0.40215924426450744	0.15114709851551958	0.0931174089068826	0.11470985155195682	0.2388663967611336
6e3y_E	0.3959731543624161	0.12751677852348994	0.12080536912751678	0.12080536912751678	0.2348993288590604
6e67_A	0.4218455743879473	0.1167608286252354	0.1167608286252354	0.08662900188323917	0.2580037664783427
6e8j_A	0.5255905511811023	0.13582677165354332	0.06299212598425197	0.051181102362204724	0.22440944881889763
6e9n_A	0.5065217391304347	0.1391304347826087	0.1	0.04565217391304348	0.20869565217391303
6ebu_A	0.4888888888888889	0.14444444444444443	0.12222222222222222	0.07222222222222222	0.17222222222222222
5ec5_A	0.36577181208053694	0.1040268456375839	0.13758389261744966	0.11073825503355705	0.28187919463087246
5edl_A	0.5989847715736041	0.1065989847715736	0.08629441624365482	0.04568527918781726	0.16243654822335024
6edq_A	0.42574257425742573	0.12871287128712872	0.10561056105610561	0.07920792079207921	0.2607260726072607
3egw_C	0.5111111111111111	0.13777777777777778	0.12	0.04	0.19111111111111112
5eg1_A	0.41724137931034483	0.10172413793103448	0.1	0.08448275862068966	0.296551724137931
3eh3_A	0.5242718446601942	0.1488673139158576	0.0889967637540453	0.04692556634304207	0.19093851132686085
5eik_A	0.43410852713178294	0.12403100775193798	0.14728682170542637	0.07364341085271318	0.22093023255813954
5eiy_A	0.44956413449564137	0.099626400996264	0.13449564134495642	0.09464508094645081	0.22166874221668742
5eiy_B	0.4787379972565158	0.04252400548696845	0.09053497942386832	0.102880658436214	0.28532235939643347
5ek0_A	0.46621621621621623	0.13513513513513514	0.09797297297297297	0.10472972972972973	0.19594594594594594
5eke_A	0.41935483870967744	0.11730205278592376	0.13196480938416422	0.10850439882697947	0.22287390029325513
6el1_O	0.3808139534883721	0.0436046511627907	0.1511627906976744	0.17151162790697674	0.25290697674418605
6et5_1	0.4642857142857143	0.125	0.10714285714285714	0.08928571428571429	0.21428571428571427
5eul_A	0.41148325358851673	0.07177033492822966	0.1471291866028708	0.16028708133971292	0.20933014354066987
5eul_E	0.4	0.12857142857142856	0.22857142857142856	0.07142857142857142	0.17142857142857143
6eu6_A	0.528395061728395	0.12345679012345678	0.07407407407407407	0.05185185185185185	0.2222222222222222
6euq_A	0.5608591885441527	0.09785202863961814	0.08591885441527446	0.050119331742243436	0.2052505966587112
2evu_A	0.5813008130081301	0.11788617886178862	0.036585365853658534	0.036585365853658534	0.22764227642276422
4ev6_A	0.41887905604719766	0.10324483775811209	0.13864306784660768	0.14454277286135694	0.19469026548672566
6eyu_A	0.5086206896551724	0.15517241379310345	0.06896551724137931	0.06896551724137931	0.19827586206896552
4ezc_A	0.4739583333333333	0.10677083333333333	0.0625	0.041666666666666664	0.3151041666666667
5ezm_A	0.5294117647058824	0.11764705882352941	0.09342560553633218	0.04671280276816609	0.21280276816608998
6f0k_A	0.33175355450236965	0.10426540284360189	0.15165876777251186	0.0995260663507109	0.3127962085308057
6f0k_C	0.4628099173553719	0.16735537190082644	0.09917355371900827	0.05991735537190083	0.21074380165289255
6f0k_D	0.45161290322580644	0.12903225806451613	0.09216589861751152	0.10138248847926268	0.22580645161290322
6f0k_F	0.44844124700239807	0.18465227817745802	0.1079136690647482	0.06474820143884892	0.19424460431654678
5f1c_A	0.38268156424581007	0.10335195530726257	0.12011173184357542	0.11173184357541899	0.28212290502793297
6f2d_F	0.5313531353135313	0.10561056105610561	0.0594059405940594	0.0462046204620462	0.25742574257425743
6f2d_G	0.6292134831460674	0.06741573033707865	0.033707865168539325	0.0449438202247191	0.2247191011235955
6f2g_A	0.5675675675675675	0.11936936936936937	0.05630630630630631	0.036036036036036036	0.22072072072072071
4f35_B	0.5723830734966593	0.111358574610245	0.0645879732739421	0.0467706013363029	0.20489977728285078
6f36_A	0.6456692913385826	0.047244094488188976	0.07086614173228346	0.015748031496062992	0.2204724409448819
6f36_M	0.4434250764525994	0.09785932721712538	0.08868501529051988	0.04281345565749235	0.327217125382263
6f36_N	0.48344370860927155	0.09271523178807947	0.09271523178807947	0.033112582781456956	0.2980132450331126
4f4c_A	0.43830431491294475	0.08251324753974262	0.11733535200605602	0.10219530658591976	0.25965177895533686
5f5b_A	0.5213270142180095	0.14218009478672985	0.12796208530805686	0.04739336492890995	0.16113744075829384
2f75_A	0.41630901287553645	0.09656652360515021	0.12875536480686695	0.06652360515021459	0.2918454935622318
6f7h_A	0.5348837209302325	0.08637873754152824	0.0664451827242525	0.053156146179401995	0.2591362126245847
2f93_A	0.5725806451612904	0.11290322580645161	0.0846774193548387	0.06854838709677419	0.16129032258064516
2f95_B	0.50920245398773	0.04294478527607362	0.13496932515337423	0.13496932515337423	0.17791411042944785
4fby_J	0.6923076923076923	0.1282051282051282	0.02564102564102564	0.02564102564102564	0.1282051282051282
4fc4_A	0.524904214559387	0.11877394636015326	0.08812260536398467	0.034482758620689655	0.23371647509578544
1fft_A	0.4962292609351433	0.1568627450980392	0.08597285067873303	0.06033182503770739	0.20060331825037708
1fft_B	0.41904761904761906	0.1111111111111111	0.11428571428571428	0.08888888888888889	0.26666666666666666
1fft_C	0.5049019607843137	0.14215686274509803	0.09803921568627451	0.05392156862745098	0.20098039215686275
6ffc_A	0.42018072289156627	0.10542168674698796	0.11144578313253012	0.08433734939759036	0.2786144578313253
6ffv_A	0.5314009661835749	0.13043478260869565	0.14009661835748793	0.03864734299516908	0.15942028985507245
5fgn_A	0.39090909090909093	0.11272727272727273	0.13272727272727272	0.09272727272727273	0.27090909090909093
3fh6_G	0.543918918918919	0.11824324324324324	0.07094594594594594	0.0472972972972973	0.2195945945945946
6fj3_A	0.4219269102990033	0.12624584717607973	0.12790697674418605	0.10465116279069768	0.21926910299003322
2fkw_A	0.5660377358490566	0.09433962264150944	0.09433962264150944	0.0	0.24528301886792453
2fkw_B	0.4634146341463415	0.12195121951219512	0.12195121951219512	0.0975609756097561	0.1951219512195122
6fl9_A	0.39375	0.153125	0.115625	0.103125	0.234375
5fmw_A	0.31225296442687744	0.09683794466403162	0.15019762845849802	0.15019762845849802	0.29051383399209485
6fmx_A	0.47297297297297297	0.13063063063063063	0.16216216216216217	0.05855855855855856	0.17567567567567569
6fos_2	0.45495495495495497	0.0990990990990991	0.11261261261261261	0.07207207207207207	0.26126126126126126
6fos_4	0.40654205607476634	0.13551401869158877	0.1261682242990654	0.08411214953271028	0.24766355140186916
5fvn_A	0.3567251461988304	0.14619883040935672	0.08187134502923976	0.13157894736842105	0.28362573099415206
6fv6_A	0.4703389830508475	0.13983050847457626	0.09957627118644068	0.057203389830508475	0.2330508474576271
1fx8_A	0.5302491103202847	0.11743772241992882	0.0711743772241993	0.060498220640569395	0.2206405693950178
2fyn_C	0.44919786096256686	0.0748663101604278	0.0962566844919786	0.11229946524064172	0.26737967914438504
2g1x_A	0.41025641025641024	0.1076923076923077	0.10512820512820513	0.06923076923076923	0.3076923076923077
2g2a_A	0.41046831955922863	0.15151515151515152	0.09917355371900827	0.049586776859504134	0.2892561983471074
6g2j_Y	0.46853146853146854	0.1048951048951049	0.1048951048951049	0.06993006993006994	0.2517482517482518
6g2j_Z	0.4027777777777778	0.11805555555555555	0.1527777777777778	0.11805555555555555	0.20833333333333334
6g2j_c	0.39473684210526316	0.10526315789473684	0.14473684210526316	0.06578947368421052	0.2894736842105263
6g2j_d	0.375	0.13333333333333333	0.18333333333333332	0.10833333333333334	0.2
6g2j_f	0.3333333333333333	0.14035087719298245	0.19298245614035087	0.14035087719298245	0.19298245614035087
6g2j_h	0.3862433862433862	0.1111111111111111	0.1693121693121693	0.1111111111111111	0.2222222222222222
6g2j_j	0.38095238095238093	0.12380952380952381	0.14285714285714285	0.12380952380952381	0.22857142857142856
6g2j_k	0.41346153846153844	0.125	0.21153846153846154	0.10576923076923077	0.14423076923076922
6g2j_l	0.3387096774193548	0.14516129032258066	0.15053763440860216	0.12903225806451613	0.23655913978494625
6g2j_m	0.3178294573643411	0.12403100775193798	0.18604651162790697	0.10852713178294573	0.26356589147286824
3g6b_A	0.39436619718309857	0.03286384976525822	0.1267605633802817	0.1784037558685446	0.2676056338028169
4g7v_S	0.4486486486486487	0.11351351351351352	0.16216216216216217	0.0918918918918919	0.1837837837837838
6g72_A	0.46956521739130436	0.14782608695652175	0.043478260869565216	0.06956521739130435	0.26956521739130435
6g72_K	0.4897959183673469	0.08163265306122448	0.030612244897959183	0.030612244897959183	0.3673469387755102
6g72_L	0.44810543657331137	0.1186161449752883	0.07413509060955518	0.03789126853377265	0.3212520593080725
6g72_M	0.4989106753812636	0.09586056644880174	0.07407407407407407	0.030501089324618737	0.3006535947712418
6g72_a	0.44285714285714284	0.12857142857142856	0.15714285714285714	0.08571428571428572	0.18571428571428572
6g72_b	0.4166666666666667	0.10714285714285714	0.09523809523809523	0.07142857142857142	0.30952380952380953
6g72_i	0.3125	0.140625	0.1953125	0.109375	0.2421875
6g94_S	0.3880597014925373	0.08059701492537313	0.14029850746268657	0.10746268656716418	0.2835820895522388
6g94_A	0.4340425531914894	0.19148936170212766	0.12340425531914893	0.059574468085106386	0.19148936170212766
6g9x_A	0.5357142857142857	0.14523809523809525	0.06666666666666667	0.04047619047619048	0.2119047619047619
5gar_N	0.5076687116564417	0.09662576687116564	0.1273006134969325	0.1058282208588957	0.16257668711656442
5gar_O	0.7171717171717171	0.06060606060606061	0.06060606060606061	0.06060606060606061	0.10101010101010101
6gcs_D	0.45977011494252873	0.09195402298850575	0.14942528735632185	0.10344827586206896	0.19540229885057472
6gcs_J	0.45454545454545453	0.09090909090909091	0.1111111111111111	0.05555555555555555	0.2878787878787879
6gcs_X	0.40828402366863903	0.13609467455621302	0.13609467455621302	0.08284023668639054	0.23668639053254437
6gcs_j	0.3870967741935484	0.13978494623655913	0.17204301075268819	0.08602150537634409	0.21505376344086022
6gcs_1	0.4897360703812317	0.16715542521994134	0.04105571847507331	0.05571847507331378	0.24633431085043989
6gcs_2	0.5159914712153518	0.14498933901918976	0.046908315565031986	0.03411513859275053	0.2579957356076759
6gcs_3	0.5078125	0.1484375	0.0625	0.046875	0.234375
6gcs_4	0.51440329218107	0.13580246913580246	0.053497942386831275	0.030864197530864196	0.2654320987654321
6gcs_5	0.4900763358778626	0.1465648854961832	0.0549618320610687	0.03816793893129771	0.27022900763358776
6gcs_6	0.5675675675675675	0.11351351351351352	0.03783783783783784	0.05405405405405406	0.22702702702702704
6gct_A	0.5508317929759704	0.066543438077634	0.07578558225508318	0.08133086876155268	0.2255083179297597
6gdg_A	0.4759916492693111	0.1022964509394572	0.11899791231732777	0.06680584551148225	0.2359081419624217
2gfp_A	0.5813333333333334	0.096	0.050666666666666665	0.032	0.24
2gfz_A	0.4397590361445783	0.14457831325301204	0.09337349397590361	0.045180722891566265	0.27710843373493976
3gi8_C	0.5427927927927928	0.13963963963963963	0.07432432432432433	0.0518018018018018	0.19144144144144143
5gjv_A	0.41110517885744796	0.10945008008542445	0.11372130272290443	0.10624666310731447	0.2594767752269087
5gjv_E	0.4009009009009009	0.12612612612612611	0.10810810810810811	0.0945945945945946	0.2702702702702703
6gje_B	0.36363636363636365	0.03636363636363636	0.15454545454545454	0.12727272727272726	0.3181818181818182
5gko_A	0.45901639344262296	0.05067064083457526	0.10432190760059612	0.08941877794336811	0.2965722801788376
5gli_A	0.4418103448275862	0.10991379310344827	0.11637931034482758	0.07543103448275862	0.25646551724137934
5gmy_A	0.432	0.16914285714285715	0.09371428571428571	0.07085714285714285	0.2342857142857143
5gpj_A	0.5219638242894057	0.09560723514211886	0.08010335917312661	0.07751937984496124	0.2248062015503876
6gps_A	0.4195804195804196	0.1258741258741259	0.10722610722610723	0.08857808857808858	0.25874125874125875
6grj_G	0.47411444141689374	0.043596730245231606	0.07356948228882834	0.07084468664850137	0.33787465940054495
6gs1_A	0.5433070866141733	0.1141732283464567	0.08267716535433071	0.0531496062992126	0.20669291338582677
5guf_A	0.6208791208791209	0.04945054945054945	0.12087912087912088	0.07692307692307693	0.13186813186813187
5guw_B	0.5440860215053763	0.16129032258064516	0.07741935483870968	0.04946236559139785	0.16774193548387098
4gx0_A	0.4743362831858407	0.0743362831858407	0.11504424778761062	0.09911504424778761	0.23716814159292035
5gxb_A	0.47044917257683216	0.18439716312056736	0.08037825059101655	0.04018912529550828	0.22458628841607564
6gxc_A	0.40331491712707185	0.1671270718232044	0.10911602209944751	0.09116022099447514	0.2292817679558011
5gyr_A	0.4732824427480916	0.07633587786259542	0.11450381679389313	0.13740458015267176	0.1984732824427481
6gy6_A	0.38443396226415094	0.06132075471698113	0.14858490566037735	0.14622641509433962	0.25943396226415094
6gy6_B	0.3727810650887574	0.04142011834319527	0.14201183431952663	0.16863905325443787	0.27514792899408286
6gyh_A	0.5550847457627118	0.16101694915254236	0.0847457627118644	0.0423728813559322	0.15677966101694915
4h1w_B	0.45161290322580644	0.12903225806451613	0.0967741935483871	0.06451612903225806	0.25806451612903225
5h1q_A	0.37275064267352187	0.15681233933161953	0.10796915167095116	0.08997429305912596	0.27249357326478146
4h33_A	0.44525547445255476	0.11678832116788321	0.08029197080291971	0.06569343065693431	0.291970802919708
5h3o_A	0.38346883468834686	0.1016260162601626	0.13279132791327913	0.1016260162601626	0.2804878048780488
6h5a_A	0.515695067264574	0.09865470852017937	0.1031390134529148	0.07174887892376682	0.21076233183856502
6h7d_A	0.4990403071017274	0.12476007677543186	0.08829174664107485	0.0671785028790787	0.22072936660268713
1hbw_A	0.42105263157894735	0.05263157894736842	0.14035087719298245	0.21052631578947367	0.17543859649122806
6hcy_C	0.4335511982570806	0.12200435729847495	0.11982570806100218	0.06535947712418301	0.25925925925925924
3hd6_A	0.463265306122449	0.1326530612244898	0.07959183673469387	0.0673469387755102	0.2571428571428571
3hd7_B	0.44954128440366975	0.045871559633027525	0.1651376146788991	0.14678899082568808	0.1926605504587156
6hd8_B	0.4549019607843137	0.1568627450980392	0.09411764705882353	0.07058823529411765	0.2235294117647059
2he6__	0.38202247191011235	0.10337078651685393	0.1348314606741573	0.0696629213483146	0.3101123595505618
4he8_B	0.5714285714285714	0.17647058823529413	0.08403361344537816	0.058823529411764705	0.1092436974789916
4he8_D	0.6704545454545454	0.09090909090909091	0.06818181818181818	0.06818181818181818	0.10227272727272728
4he8_G	0.6098081023454158	0.13859275053304904	0.06183368869936034	0.04904051172707889	0.14072494669509594
4he8_I	0.6276346604215457	0.11475409836065574	0.06557377049180328	0.03278688524590164	0.1592505854800937
4he8_C	0.5150684931506849	0.1726027397260274	0.07123287671232877	0.057534246575342465	0.18356164383561643
6hja_A	0.41225626740947074	0.1392757660167131	0.0947075208913649	0.10027855153203342	0.25348189415041783
4hqj_E	0.46153846153846156	0.09230769230769231	0.13846153846153847	0.13846153846153847	0.16923076923076924
6hra_A	0.5511669658886894	0.09515260323159784	0.05385996409335727	0.04308797127468582	0.25673249551166966
6hra_C	0.46842105263157896	0.07368421052631578	0.07368421052631578	0.06842105263157895	0.3157894736842105
6hra_B	0.5219941348973607	0.054252199413489736	0.10117302052785923	0.09237536656891496	0.23020527859237536
4huq_S	0.5459770114942529	0.1206896551724138	0.06896551724137931	0.017241379310344827	0.2471264367816092
4huq_T	0.46785714285714286	0.125	0.125	0.05714285714285714	0.225
6hu9_I	0.3484848484848485	0.18181818181818182	0.13636363636363635	0.13636363636363635	0.19696969696969696
6hu9_J	0.37662337662337664	0.11688311688311688	0.12987012987012986	0.07792207792207792	0.2987012987012987
6hu9_b	0.4279661016949153	0.1271186440677966	0.07203389830508475	0.1228813559322034	0.25
6hu9_c	0.4944237918215613	0.14869888475836432	0.08921933085501858	0.04460966542750929	0.22304832713754646
6hu9_g	0.423728813559322	0.15254237288135594	0.1694915254237288	0.0	0.2542372881355932
6hu9_i	0.43636363636363634	0.14545454545454545	0.2	0.09090909090909091	0.12727272727272726
6hu9_k	0.31297709923664124	0.10687022900763359	0.22137404580152673	0.1297709923664122	0.22900763358778625
6hu9_l	0.42424242424242425	0.15151515151515152	0.15151515151515152	0.045454545454545456	0.22727272727272727
6hug_B	0.38266384778012685	0.11627906976744186	0.13953488372093023	0.09936575052854123	0.26215644820295986
6hug_C	0.3414141414141414	0.13535353535353536	0.12727272727272726	0.09292929292929293	0.30303030303030304
6hum_A	0.5618279569892473	0.11559139784946236	0.051075268817204304	0.06451612903225806	0.20698924731182797
6hum_C	0.5378787878787878	0.16666666666666666	0.08333333333333333	0.06060606060606061	0.15151515151515152
6hum_D	0.5463137996219282	0.12098298676748583	0.07372400756143667	0.06049149338374291	0.19848771266540643
6hum_E	0.594059405940594	0.09900990099009901	0.06930693069306931	0.0594059405940594	0.1782178217821782
6hum_B	0.5398058252427185	0.1145631067961165	0.04854368932038835	0.04854368932038835	0.24854368932038834
6hum_G	0.555	0.085	0.055	0.08	0.225
6hum_L	0.5131578947368421	0.19736842105263158	0.05263157894736842	0.02631578947368421	0.21052631578947367
6hum_F	0.5152439024390244	0.13109756097560976	0.08079268292682927	0.06097560975609756	0.21189024390243902
4hw9_A	0.4401294498381877	0.07766990291262135	0.1423948220064725	0.10355987055016182	0.23624595469255663
4hwa_A	0.5228758169934641	0.06535947712418301	0.11437908496732026	0.08496732026143791	0.21241830065359477
6hwh_b	0.48194945848375453	0.11371841155234658	0.12093862815884476	0.0812274368231047	0.20216606498194944
4hyc_A	0.6146179401993356	0.09966777408637874	0.04983388704318937	0.04983388704318937	0.18604651162790697
4hyj_A	0.5077519379844961	0.13178294573643412	0.10077519379844961	0.06201550387596899	0.19767441860465115
4hzu_S	0.608433734939759	0.07228915662650602	0.0783132530120482	0.024096385542168676	0.21686746987951808
6i1r_A	0.4472049689440994	0.13975155279503104	0.07453416149068323	0.043478260869565216	0.2950310559006211
5i20_A	0.5939597315436241	0.11409395973154363	0.06375838926174497	0.03355704697986577	0.19463087248322147
5i32_A	0.5563636363636364	0.10909090909090909	0.07636363636363637	0.04727272727272727	0.2109090909090909
5i6c_A	0.4895470383275261	0.09059233449477352	0.07317073170731707	0.06968641114982578	0.2770034843205575
6i6h_A	0.4396135265700483	0.18840579710144928	0.10144927536231885	0.06280193236714976	0.20772946859903382
6i8w_A	0.45652173913043476	0.07142857142857142	0.14596273291925466	0.11490683229813664	0.2111801242236025
5i9k_A	0.45161290322580644	0.11612903225806452	0.13548387096774195	0.07741935483870968	0.21935483870967742
6i9k_A	0.45789473684210524	0.12631578947368421	0.1	0.07105263157894737	0.24473684210526317
2ibz_G	0.35106382978723405	0.20212765957446807	0.13829787234042554	0.05319148936170213	0.2553191489361702
6ibb_A	0.39473684210526316	0.15204678362573099	0.13157894736842105	0.06140350877192982	0.260233918128655
6ic4_A	0.4426229508196721	0.07103825136612021	0.09289617486338798	0.1092896174863388	0.28415300546448086
6ic4_G	0.5875486381322957	0.08560311284046693	0.058365758754863814	0.054474708171206226	0.2140077821011673
6idf_E	0.3488372093023256	0.06976744186046512	0.18604651162790697	0.18604651162790697	0.20930232558139536
6idp_A	0.5759637188208617	0.10884353741496598	0.05215419501133787	0.034013605442176874	0.2290249433106576
4iff_A	0.3488372093023256	0.05813953488372093	0.11627906976744186	0.19767441860465115	0.27906976744186046
6igz_F	0.4491525423728814	0.06779661016949153	0.1483050847457627	0.08898305084745763	0.2457627118644068
6igz_G	0.3532934131736527	0.08982035928143713	0.10778443113772455	0.05389221556886228	0.39520958083832336
6igz_H	0.41353383458646614	0.08270676691729323	0.15037593984962405	0.11278195488721804	0.24060150375939848
6igz_2	0.41796875	0.13671875	0.0859375	0.0859375	0.2734375
6igz_0	0.47346938775510206	0.11428571428571428	0.11428571428571428	0.10204081632653061	0.19591836734693877
2iil__	0.390625	0.12760416666666666	0.11197916666666667	0.078125	0.2916666666666667
6iiu_A	0.45041322314049587	0.09297520661157024	0.10330578512396695	0.1115702479338843	0.24173553719008264
5iji_A	0.4322033898305085	0.08898305084745763	0.13983050847457626	0.059322033898305086	0.2796610169491525
6ijj_I	0.5471698113207547	0.05660377358490566	0.07547169811320754	0.02830188679245283	0.29245283018867924
6ijj_K	0.4875	0.03125	0.13125	0.025	0.325
6ijj_L	0.4883720930232558	0.07364341085271318	0.11627906976744186	0.050387596899224806	0.2713178294573643
6ijj_1	0.49193548387096775	0.10080645161290322	0.10887096774193548	0.0846774193548387	0.21370967741935484
6ijj_3	0.45302013422818793	0.11409395973154363	0.12080536912751678	0.08053691275167785	0.23154362416107382
6ijj_6	0.42138364779874216	0.09748427672955975	0.1540880503144654	0.08490566037735849	0.24213836477987422
2ik3__	0.4356955380577428	0.09711286089238845	0.11286089238845144	0.08923884514435695	0.2650918635170604
4ikv_A	0.5502958579881657	0.126232741617357	0.08284023668639054	0.045364891518737675	0.1952662721893491
4il3_A	0.37093275488069416	0.14967462039045554	0.12364425162689804	0.0911062906724512	0.2646420824295011
4in5_L	0.48936170212765956	0.18439716312056736	0.07446808510638298	0.04964539007092199	0.20212765957446807
4in5_H	0.44360902255639095	0.07518796992481203	0.13909774436090225	0.10902255639097744	0.23308270676691728
2iqp_A	0.48299319727891155	0.11224489795918367	0.07142857142857142	0.05442176870748299	0.2789115646258503
6ira_D	0.4091441969519343	0.11019929660023446	0.1160609613130129	0.10433763188745604	0.26025791324736225
6ira_A	0.39433293978748524	0.09208972845336481	0.13695395513577333	0.10743801652892562	0.269185360094451
6irs_A	0.42040185471406494	0.0695517774343122	0.11591962905718702	0.12210200927357033	0.27202472952086554
6irs_B	0.4876660341555977	0.11385199240986717	0.07590132827324478	0.07590132827324478	0.24667931688804554
6ith_A	0.5609756097560976	0.0975609756097561	0.21951219512195122	0.04878048780487805	0.07317073170731707
6iu3_A	0.5299145299145299	0.08974358974358974	0.10256410256410256	0.09829059829059829	0.1794871794871795
5iws_A	0.5191489361702127	0.12127659574468085	0.08297872340425531	0.06382978723404255	0.2127659574468085
3ixz_A	0.425531914893617	0.08704061895551257	0.109284332688588	0.109284332688588	0.2688588007736944
3ixz_B	0.3310344827586207	0.13793103448275862	0.1310344827586207	0.09310344827586207	0.30689655172413793
4ixq_A	0.4527777777777778	0.14166666666666666	0.07222222222222222	0.06666666666666667	0.26666666666666666
6ixg_A	0.35526315789473684	0.05263157894736842	0.20614035087719298	0.17105263157894737	0.2149122807017544
3iyz_A	0.47941176470588237	0.08529411764705883	0.10882352941176471	0.08823529411764706	0.23823529411764705
6iyu_A	0.3895705521472393	0.13496932515337423	0.15950920245398773	0.07668711656441718	0.2392638036809816
3iz1_A	0.3865546218487395	0.13445378151260504	0.1638655462184874	0.07563025210084033	0.23949579831932774
4j05_A	0.4528301886792453	0.11886792452830189	0.12075471698113208	0.08679245283018867	0.22075471698113208
3j1z_P	0.46405228758169936	0.08496732026143791	0.13071895424836602	0.09803921568627451	0.2222222222222222
5j4i_A	0.5562913907284768	0.11258278145695365	0.059602649006622516	0.03532008830022075	0.23620309050772628
2j58_A	0.4233983286908078	0.07242339832869081	0.10306406685236769	0.10863509749303621	0.2924791086350975
6j5i_b	0.41626794258373206	0.08133971291866028	0.1674641148325359	0.11004784688995216	0.22488038277511962
6j5i_f	0.40229885057471265	0.14942528735632185	0.20689655172413793	0.06896551724137931	0.1724137931034483
6j5i_8	0.31343283582089554	0.13432835820895522	0.1044776119402985	0.05970149253731343	0.3880597014925373
6j5i_a	0.5088495575221239	0.08849557522123894	0.06637168141592921	0.017699115044247787	0.3185840707964602
6j5t_G	0.3626760563380282	0.07394366197183098	0.14553990610328638	0.13849765258215962	0.2793427230046948
2j7a_C	0.42138364779874216	0.03773584905660377	0.16981132075471697	0.0880503144654088	0.2830188679245283
4j7c_K	0.5010752688172043	0.11182795698924732	0.09247311827956989	0.043010752688172046	0.25161290322580643
6j8e_A	0.38232421875	0.115234375	0.1181640625	0.1220703125	0.26220703125
6j8g_B	0.39908256880733944	0.0963302752293578	0.11467889908256881	0.15137614678899083	0.23853211009174313
3j9p_D	0.39397905759162305	0.09031413612565445	0.1387434554973822	0.11583769633507854	0.26112565445026176
3jav_A	0.36836363636363634	0.07854545454545454	0.14254545454545456	0.1389090909090909	0.2716363636363636
4jbw_F	0.4591439688715953	0.13424124513618677	0.07782101167315175	0.07003891050583658	0.2587548638132296
6jbh_C	0.46785714285714286	0.16071428571428573	0.13214285714285715	0.03214285714285714	0.20714285714285716
6jbj_A	0.4027777777777778	0.1111111111111111	0.11419753086419752	0.10493827160493827	0.26697530864197533
3jcu_H	0.4794520547945205	0.0684931506849315	0.0684931506849315	0.0547945205479452	0.3287671232876712
3jcu_I	0.4166666666666667	0.19444444444444445	0.08333333333333333	0.08333333333333333	0.2222222222222222
3jcu_L	0.3684210526315789	0.18421052631578946	0.02631578947368421	0.05263157894736842	0.3684210526315789
3jcu_S	0.4610169491525424	0.09830508474576272	0.1016949152542373	0.10508474576271186	0.23389830508474577
3jcu_W	0.45985401459854014	0.058394160583941604	0.06569343065693431	0.072992700729927	0.34306569343065696
3jcu_X	0.5213675213675214	0.042735042735042736	0.09401709401709402	0.042735042735042736	0.29914529914529914
6jd2_A	0.45645645645645644	0.1021021021021021	0.13513513513513514	0.14114114114114115	0.16516516516516516
6ji1_A	0.4990512333965844	0.1366223908918406	0.07400379506641366	0.058823529411764705	0.2314990512333966
2jln_A	0.5109780439121756	0.11776447105788423	0.07584830339321358	0.05189620758483034	0.2435129740518962
5jnq_A	0.5079787234042553	0.11436170212765957	0.10106382978723404	0.061170212765957445	0.2154255319148936
2jo1_A	0.3194444444444444	0.08333333333333333	0.18055555555555555	0.125	0.2916666666666667
6jo5_B	0.41456953642384103	0.14834437086092717	0.1271523178807947	0.05827814569536424	0.25165562913907286
2jp3_A	0.417910447761194	0.07462686567164178	0.1044776119402985	0.05970149253731343	0.34328358208955223
5jrw_A	0.3726541554959786	0.11528150134048257	0.16621983914209115	0.1447721179624665	0.20107238605898123
5jsi_A	0.5272727272727272	0.12272727272727273	0.08636363636363636	0.09090909090909091	0.17272727272727273
6jxr_a	0.39634146341463417	0.09146341463414634	0.16463414634146342	0.12195121951219512	0.22560975609756098
6jxr_f	0.37681159420289856	0.0821256038647343	0.13043478260869565	0.12077294685990338	0.2898550724637681
6jxr_g	0.4010989010989011	0.08791208791208792	0.13186813186813187	0.1043956043956044	0.27472527472527475
6jxr_m	0.2976190476190476	0.11904761904761904	0.09523809523809523	0.11507936507936507	0.373015873015873
6jxr_n	0.3539518900343643	0.09965635738831616	0.1134020618556701	0.09965635738831616	0.3333333333333333
3k07_A	0.4947867298578199	0.07488151658767772	0.10995260663507109	0.0976303317535545	0.22274881516587677
4k0e_A	0.49856459330143543	0.0660287081339713	0.11387559808612441	0.09282296650717703	0.22870813397129186
4k1c_A	0.501187648456057	0.09263657957244656	0.07363420427553444	0.07125890736342043	0.26128266033254155
6k1h_Z	0.5053003533568905	0.10247349823321555	0.0989399293286219	0.06713780918727916	0.22614840989399293
6k1h_Y	0.6021897810218978	0.06204379562043796	0.072992700729927	0.051094890510948905	0.2116788321167883
3k3f_A	0.5411764705882353	0.12058823529411765	0.052941176470588235	0.03823529411764706	0.24705882352941178
6k61_J	0.42857142857142855	0.14285714285714285	0.08163265306122448	0.08163265306122448	0.2653061224489796
2k73_A	0.4808743169398907	0.14207650273224043	0.12568306010928962	0.060109289617486336	0.1912568306010929
5k7l_A	0.3838973162193699	0.10151691948658109	0.13418903150525088	0.11318553092182031	0.26721120186697783
6k7g_C	0.3545706371191136	0.11634349030470914	0.12188365650969529	0.09418282548476455	0.31301939058171746
2k9p_A	0.4625	0.1125	0.075	0.025	0.325
2kb7_P	0.5471698113207547	0.07547169811320754	0.09433962264150944	0.03773584905660377	0.24528301886792453
5kbn_B	0.5238095238095238	0.10204081632653061	0.10884353741496598	0.013605442176870748	0.25170068027210885
5kc0_A	0.5052631578947369	0.14210526315789473	0.08947368421052632	0.05263157894736842	0.21052631578947367
6kg7_A	0.371367824238129	0.11941885187810064	0.1261516654854713	0.1307583274273565	0.2523033309709426
5khn_B	0.5084937712344281	0.06342015855039637	0.10645526613816535	0.07474518686296716	0.24688561721404303
6khi_P	0.45454545454545453	0.13636363636363635	0.09090909090909091	0.06818181818181818	0.25
2kih_A	0.4418604651162791	0.13953488372093023	0.16279069767441862	0.09302325581395349	0.16279069767441862
6ki1_A	0.6224489795918368	0.06377551020408163	0.06377551020408163	0.04336734693877551	0.2066326530612245
5kkz_B	0.39338235294117646	0.09558823529411764	0.1323529411764706	0.125	0.2536764705882353
2klu_A	0.42857142857142855	0.05714285714285714	0.22857142857142856	0.02857142857142857	0.2571428571428571
2knc_A	0.5370370370370371	0.09259259259259259	0.09259259259259259	0.16666666666666666	0.1111111111111111
4knf_A	0.5632183908045977	0.13026819923371646	0.07279693486590039	0.05747126436781609	0.17624521072796934
2kog_A	0.453781512605042	0.05042016806722689	0.11764705882352941	0.10084033613445378	0.2773109243697479
5ko2_A	0.4479166666666667	0.09134615384615384	0.12580128205128205	0.09775641025641026	0.23717948717948717
6kob_B	0.3614864864864865	0.10810810810810811	0.11824324324324324	0.14864864864864866	0.2635135135135135
3kp9_A	0.49140893470790376	0.10652920962199312	0.09278350515463918	0.06529209621993128	0.24398625429553264
4kpp_A	0.4888888888888889	0.1259259259259259	0.08641975308641975	0.08888888888888889	0.20987654320987653
1kqf_B	0.3877551020408163	0.07142857142857142	0.13945578231292516	0.1360544217687075	0.2653061224489796
1kqf_C	0.45161290322580644	0.14746543778801843	0.17050691244239632	0.059907834101382486	0.17050691244239632
2ks9_A	0.4258241758241758	0.1510989010989011	0.09340659340659341	0.057692307692307696	0.27197802197802196
2ksd_A	0.5391304347826087	0.06956521739130435	0.11304347826086956	0.09565217391304348	0.1826086956521739
2kse_A	0.44623655913978494	0.10215053763440861	0.10752688172043011	0.13978494623655913	0.20430107526881722
2ksf_A	0.6355140186915887	0.11214953271028037	0.028037383177570093	0.028037383177570093	0.19626168224299065
5ksd_A	0.47539015606242496	0.07923169267707082	0.11884753901560624	0.1092436974789916	0.21728691476590636
6ksp_A	0.39369158878504673	0.08878504672897196	0.125	0.10981308411214953	0.2827102803738318
4kt0_F	0.42424242424242425	0.11515151515151516	0.10909090909090909	0.09090909090909091	0.2606060606060606
4kt0_K	0.5234375	0.0859375	0.109375	0.0546875	0.2265625
5ktf_A	0.4931506849315068	0.1232876712328767	0.0684931506849315	0.0410958904109589	0.273972602739726
1kyk_A	0.6385542168674698	0.10843373493975904	0.04819277108433735	0.07228915662650602	0.13253012048192772
5kyh_A	0.429042904290429	0.10231023102310231	0.07260726072607261	0.08250825082508251	0.31353135313531355
6kzo_A	0.3874391862007961	0.08226448474126492	0.12693498452012383	0.10482087571870853	0.29854046881910656
5l22_B	0.46503496503496505	0.09090909090909091	0.13286713286713286	0.09265734265734266	0.21853146853146854
5l24_A	0.6009280742459396	0.08120649651972157	0.06728538283062645	0.060324825986078884	0.1902552204176334
5l25_A	0.445635528330781	0.11944869831546708	0.0995405819295559	0.08269525267993874	0.25267993874425726
2l35_A	0.6666666666666666	0.047619047619047616	0.031746031746031744	0.047619047619047616	0.20634920634920634
6l47_A	0.37731958762886597	0.20618556701030927	0.11752577319587629	0.06597938144329897	0.2329896907216495
5l75_G	0.4888888888888889	0.10555555555555556	0.09166666666666666	0.06388888888888888	0.25
5l82_A	0.24324324324324326	0.21621621621621623	0.21621621621621623	0.05405405405405406	0.2702702702702703
2l91_A	0.6046511627906976	0.046511627906976744	0.09302325581395349	0.09302325581395349	0.16279069767441862
2lck_A	0.44884488448844884	0.0891089108910891	0.14521452145214522	0.0627062706270627	0.25412541254125415
5lc5_g	0.37012987012987014	0.09740259740259741	0.14285714285714285	0.15584415584415584	0.23376623376623376
6lcp_B	0.32186732186732187	0.13022113022113022	0.12530712530712532	0.09828009828009827	0.32432432432432434
6lcr_A	0.38446726572528883	0.09050064184852374	0.13286264441591783	0.1258023106546855	0.2663671373555841
4lds_A	0.5695067264573991	0.09641255605381166	0.07399103139013453	0.07399103139013453	0.1860986547085202
5ldw_J	0.5714285714285714	0.1657142857142857	0.02857142857142857	0.07428571428571429	0.16
5ldw_N	0.5043227665706052	0.09798270893371758	0.06051873198847262	0.01440922190201729	0.3227665706051873
1lgh_A	0.5535714285714286	0.10714285714285714	0.08928571428571429	0.03571428571428571	0.21428571428571427
6li2_A	0.3844086021505376	0.15053763440860216	0.10483870967741936	0.07258064516129033	0.28763440860215056
6li9_A	0.3290414878397711	0.11587982832618025	0.13876967095851217	0.12017167381974249	0.296137339055794
5lki_A	0.36703383162863884	0.10149488591660111	0.11054287962234462	0.11447678992918961	0.3064516129032258
3llq_A	0.55078125	0.12109375	0.09375	0.05078125	0.18359375
2lnl_A	0.4831081081081081	0.125	0.11824324324324324	0.04391891891891892	0.22972972972972974
2lom_A	0.4731182795698925	0.10752688172043011	0.15053763440860216	0.06451612903225806	0.20430107526881722
2loq_A	0.6637168141592921	0.04424778761061947	0.05309734513274336	0.017699115044247787	0.22123893805309736
2lor_A	0.4351851851851852	0.1111111111111111	0.1111111111111111	0.07407407407407407	0.26851851851851855
2los_A	0.5619834710743802	0.11570247933884298	0.09090909090909091	0.01652892561983471	0.21487603305785125
2lot_A	0.375	0.140625	0.15625	0.125	0.203125
2lp1_A	0.4344262295081967	0.07377049180327869	0.18032786885245902	0.10655737704918032	0.20491803278688525
4lp8_A	0.42524916943521596	0.09634551495016612	0.15282392026578073	0.09634551495016612	0.2292358803986711
5lqx_Y	0.5357142857142857	0.13095238095238096	0.03968253968253968	0.031746031746031744	0.2619047619047619
6lr0_U	0.4215686274509804	0.09653092006033183	0.11463046757164404	0.10935143288084465	0.2579185520361991
1lvi_A	0.4384920634920635	0.13095238095238096	0.10317460317460317	0.07341269841269842	0.25396825396825395
5lwe_A	0.4350453172205438	0.13595166163141995	0.1268882175226586	0.05740181268882175	0.24471299093655588
5lx9_A	0.42996742671009774	0.17263843648208468	0.10749185667752444	0.0781758957654723	0.21172638436482086
6lyp_A	0.43259557344064387	0.08048289738430583	0.11670020120724346	0.08450704225352113	0.2857142857142857
2m0q_A	0.35772357723577236	0.13008130081300814	0.12195121951219512	0.12195121951219512	0.2682926829268293
6m17_A	0.4235474006116208	0.13761467889908258	0.06574923547400612	0.0871559633027523	0.28593272171253825
6m17_B	0.3525798525798526	0.11916461916461916	0.11916461916461916	0.12285012285012285	0.28624078624078625
2m20_A	0.5333333333333333	0.03333333333333333	0.2	0.06666666666666667	0.16666666666666666
1m56_D	0.5686274509803921	0.0784313725490196	0.11764705882352941	0.058823529411764705	0.17647058823529413
4m58_A	0.542016806722689	0.09663865546218488	0.10084033613445378	0.046218487394957986	0.21428571428571427
2m67_A	0.5308641975308642	0.07407407407407407	0.1111111111111111	0.037037037037037035	0.24691358024691357
4m64_B	0.49588477366255146	0.1419753086419753	0.09465020576131687	0.051440329218107	0.21604938271604937
6m66_A	0.4022727272727273	0.10227272727272728	0.12272727272727273	0.1	0.2727272727272727
2m7g_A	0.47540983606557374	0.09836065573770492	0.06557377049180328	0.09836065573770492	0.26229508196721313
3m71_A	0.5	0.16560509554140126	0.07643312101910828	0.04777070063694268	0.21019108280254778
5m87_A	0.51252408477842	0.0789980732177264	0.07514450867052024	0.05202312138728324	0.2813102119460501
6m96_B	0.45703125	0.203125	0.08984375	0.05859375	0.19140625
5mdx_R	0.42	0.108	0.1	0.12	0.252
4mes_A	0.5714285714285714	0.14285714285714285	0.08241758241758242	0.016483516483516484	0.18681318681318682
2mfr_A	0.40350877192982454	0.15789473684210525	0.17543859649122806	0.07017543859649122	0.19298245614035087
2mgy_A	0.48520710059171596	0.16568047337278108	0.08284023668639054	0.047337278106508875	0.21893491124260356
5mg3_Y	0.5043668122270742	0.11353711790393013	0.10043668122270742	0.048034934497816595	0.2336244541484716
5mg3_E	0.5714285714285714	0.05714285714285714	0.15	0.07857142857142857	0.14285714285714285
5mg3_G	0.5	0.08823529411764706	0.058823529411764705	0.058823529411764705	0.29411764705882354
5mg3_D	0.4887459807073955	0.05144694533762058	0.1189710610932476	0.09807073954983923	0.2427652733118971
5mg3_F	0.5139318885448917	0.0804953560371517	0.09597523219814241	0.09597523219814241	0.21362229102167182
5mg3_C	0.40429338103756707	0.11091234347048301	0.09838998211091235	0.07513416815742398	0.3112701252236136
6mgv_A	0.42765685019206146	0.13188220230473752	0.117797695262484	0.09090909090909091	0.23175416133162613
1mhs_A	0.4641304347826087	0.08478260869565217	0.10652173913043478	0.12391304347826088	0.22065217391304348
6mho_B	0.3813559322033898	0.10048426150121065	0.1440677966101695	0.12832929782082325	0.2457627118644068
6mhu_F	0.5081967213114754	0.07923497267759563	0.09836065573770492	0.07650273224043716	0.23770491803278687
6mhy_G	0.3659090909090909	0.08181818181818182	0.12954545454545455	0.15227272727272728	0.27045454545454545
6mi7_C	0.3557692307692308	0.09134615384615384	0.125	0.11538461538461539	0.3125
2mjo_A	0.4634146341463415	0.0975609756097561	0.12195121951219512	0.024390243902439025	0.2926829268292683
6mjp_C	0.3769633507853403	0.10471204188481675	0.11518324607329843	0.1256544502617801	0.2774869109947644
3mkt_A	0.5630434782608695	0.10434782608695652	0.08478260869565217	0.04782608695652174	0.2
5mke_A	0.37086776859504134	0.10020661157024793	0.13326446280991736	0.13739669421487602	0.25826446280991733
4mlb_A	0.5467479674796748	0.09146341463414634	0.1016260162601626	0.06097560975609756	0.1991869918699187
5mlz_A	0.44385026737967914	0.11229946524064172	0.16042780748663102	0.10695187165775401	0.17647058823529413
2mmu_A	0.4752475247524752	0.1188118811881188	0.15841584158415842	0.019801980198019802	0.22772277227722773
2mn6_B	0.39	0.04	0.2	0.15	0.22
4mnd_A	0.4551148225469729	0.10020876826722339	0.16075156576200417	0.1127348643006263	0.17118997912317327
2mof_A	0.5952380952380952	0.11904761904761904	0.09523809523809523	0.09523809523809523	0.09523809523809523
2mpn_A	0.5882352941176471	0.10294117647058823	0.07352941176470588	0.014705882352941176	0.22058823529411764
3mp7_A	0.5103734439834025	0.12033195020746888	0.1037344398340249	0.07053941908713693	0.1950207468879668
3mp7_B	0.5573770491803278	0.08196721311475409	0.19672131147540983	0.04918032786885246	0.11475409836065574
4mrn_A	0.4755700325732899	0.08306188925081433	0.13355048859934854	0.10586319218241043	0.20195439739413681
6mrt_A	0.38580246913580246	0.08333333333333333	0.13271604938271606	0.14506172839506173	0.25308641975308643
2mxb_A	0.4727272727272727	0.01818181818181818	0.18181818181818182	0.05454545454545454	0.2727272727272727
6n1g_A	0.47606382978723405	0.11170212765957446	0.11436170212765957	0.05585106382978723	0.24202127659574468
6n38_D	0.40683229813664595	0.062111801242236024	0.14596273291925466	0.12111801242236025	0.2639751552795031
6n3i_A	0.48841698841698844	0.12548262548262548	0.08494208494208494	0.05791505791505792	0.24324324324324326
6n3q_A	0.47291666666666665	0.10833333333333334	0.0875	0.0625	0.26875
6n3q_C	0.4625	0.075	0.1875	0.1125	0.1625
6n3q_B	0.4268292682926829	0.06097560975609756	0.14634146341463414	0.036585365853658534	0.32926829268292684
2n4x_A	0.5432692307692307	0.125	0.08173076923076923	0.04807692307692308	0.20192307692307693
6n40_A	0.4878048780487805	0.07830551989730423	0.110397946084724	0.10911424903722722	0.21437740693196405
6n4b_R	0.4121212121212121	0.10101010101010101	0.1292929292929293	0.09090909090909091	0.26666666666666666
6n52_A	0.3949483352468427	0.10332950631458095	0.12284730195177956	0.09988518943742825	0.27898966704936856
5n6h_A	0.4492481203007519	0.11654135338345864	0.09774436090225563	0.06015037593984962	0.27631578947368424
2n90_A	0.5128205128205128	0.07692307692307693	0.15384615384615385	0.05128205128205128	0.20512820512820512
5n9y_A	0.4525993883792049	0.0672782874617737	0.12232415902140673	0.1345565749235474	0.22324159021406728
2na8_A	0.5227272727272727	0.13636363636363635	0.1590909090909091	0.045454545454545456	0.13636363636363635
5nam_A	0.5833333333333334	0.10416666666666667	0.10416666666666667	0.0	0.20833333333333334
6nc6_A	0.43157894736842106	0.17894736842105263	0.09894736842105263	0.04631578947368421	0.24421052631578946
3nd0_A	0.5343347639484979	0.08798283261802575	0.10085836909871244	0.04721030042918455	0.2296137339055794
5ndd_A	0.4458804523424879	0.10339256865912763	0.14054927302100162	0.0840064620355412	0.22617124394184168
6nd1_A	0.33382570162481534	0.09601181683899557	0.1329394387001477	0.1536189069423929	0.28360413589364847
6nd1_E	0.33495145631067963	0.10679611650485436	0.16019417475728157	0.15048543689320387	0.24757281553398058
6nei_A	0.4533333333333333	0.08266666666666667	0.12	0.104	0.24
5nf8_A	0.3563218390804598	0.06896551724137931	0.23563218390804597	0.15517241379310345	0.1839080459770115
6nf4_A	0.42078364565587734	0.10221465076660988	0.12436115843270869	0.0817717206132879	0.2708688245315162
6nf6_A	0.4306049822064057	0.11743772241992882	0.11743772241992882	0.05871886120996441	0.27580071174377224
5ng5_F	0.38336713995943206	0.06490872210953347	0.0872210953346856	0.09127789046653144	0.37322515212981744
5ng5_M	0.5555555555555556	0.07407407407407407	0.16666666666666666	0.05555555555555555	0.14814814814814814
5nl2_A	0.365625	0.121875	0.15104166666666666	0.125	0.23645833333333333
2nq2_A	0.5370919881305638	0.10385756676557864	0.06824925816023739	0.04154302670623145	0.24925816023738873
6nq0_A	0.4537037037037037	0.12566137566137567	0.09391534391534391	0.08333333333333333	0.24338624338624337
2nr9_A	0.5	0.14795918367346939	0.08673469387755102	0.07653061224489796	0.18877551020408162
2nrg_A	0.5	0.0975609756097561	0.10975609756097561	0.06097560975609756	0.23170731707317074
6nr2_A	0.3596330275229358	0.12293577981651377	0.13761467889908258	0.12293577981651377	0.25688073394495414
6nsj_A	0.4925373134328358	0.14427860696517414	0.0945273631840796	0.05970149253731343	0.208955223880597
4ntj_A	0.37124463519313305	0.11802575107296137	0.12875536480686695	0.09656652360515021	0.2854077253218884
6nt6_A	0.39285714285714285	0.06887755102040816	0.14030612244897958	0.11989795918367346	0.2780612244897959
5nv9_A	0.4939516129032258	0.13709677419354838	0.06653225806451613	0.05846774193548387	0.2439516129032258
6nwd_A	0.5100671140939598	0.12080536912751678	0.06375838926174497	0.06040268456375839	0.24496644295302014
6nwf_A	0.44813278008298757	0.14522821576763487	0.1078838174273859	0.04149377593360996	0.2572614107883817
3nym_A	0.3359375	0.1171875	0.1015625	0.1640625	0.28125
6nzw_A	0.3695121951219512	0.1	0.14634146341463414	0.11829268292682926	0.2658536585365854
5o0t_A	0.5097087378640777	0.16990291262135923	0.0970873786407767	0.038834951456310676	0.18446601941747573
1o5w_A	0.4044943820224719	0.09925093632958802	0.15355805243445692	0.11797752808988764	0.2247191011235955
6o58_K	0.4131054131054131	0.08547008547008547	0.15384615384615385	0.11396011396011396	0.2336182336182336
6o58_L	0.4672897196261682	0.07476635514018691	0.12149532710280374	0.11214953271028037	0.22429906542056074
4o6m_A	0.44086021505376344	0.12096774193548387	0.12903225806451613	0.10483870967741936	0.20430107526881722
4o6y_A	0.5391304347826087	0.12173913043478261	0.09130434782608696	0.034782608695652174	0.21304347826086956
3o7p_A	0.4954337899543379	0.13013698630136986	0.0684931506849315	0.0365296803652968	0.2694063926940639
6o7u_a	0.39364035087719296	0.11403508771929824	0.11842105263157894	0.1337719298245614	0.24013157894736842
6o84_A	0.4269449715370019	0.08349146110056926	0.1252371916508539	0.09108159392789374	0.2732447817836812
4o9p_C	0.6	0.11	0.09	0.06	0.14
4o9p_D	0.6360424028268551	0.09540636042402827	0.07420494699646643	0.0353356890459364	0.15901060070671377
5o9h_A	0.47634069400630913	0.1167192429022082	0.13249211356466878	0.056782334384858045	0.21766561514195584
2oar_A	0.4482758620689655	0.05747126436781609	0.15517241379310345	0.09770114942528736	0.2413793103448276
6ob6_A	0.47737556561085975	0.13800904977375567	0.07239819004524888	0.049773755656108594	0.26244343891402716
5oc0_A	0.455026455026455	0.1164021164021164	0.17989417989417988	0.042328042328042326	0.20634920634920634
5oc9_A	0.40929535232383807	0.13193403298350825	0.12143928035982009	0.10944527736131934	0.22788605697151423
5och_A	0.47875816993464054	0.07026143790849673	0.10784313725490197	0.09313725490196079	0.25
4od4_A	0.5973597359735974	0.07260726072607261	0.10561056105610561	0.052805280528052806	0.1716171617161716
1oed_B	0.424	0.112	0.092	0.096	0.276
5oek_A	0.3953488372093023	0.23255813953488372	0.06976744186046512	0.06976744186046512	0.23255813953488372
6ofe_P	0.3855421686746988	0.0963855421686747	0.10843373493975904	0.12048192771084337	0.2891566265060241
4ogq_C	0.43543543543543545	0.07507507507507508	0.0990990990990991	0.11411411411411411	0.27627627627627627
5oge_A	0.4599406528189911	0.12759643916913946	0.0771513353115727	0.03857566765578635	0.29673590504451036
4oh3_A	0.4657762938230384	0.10851419031719532	0.10517529215358931	0.07846410684474124	0.24207011686143573
6oh4_A	0.4927536231884058	0.11304347826086956	0.06956521739130435	0.05217391304347826	0.27246376811594203
6oht_A	0.42436974789915966	0.15546218487394958	0.12184873949579832	0.07142857142857142	0.226890756302521
6oly_A	0.47126436781609193	0.06609195402298851	0.14080459770114942	0.14080459770114942	0.1810344827586207
6omm_R	0.46005509641873277	0.12672176308539945	0.08264462809917356	0.0743801652892562	0.256198347107438
5oqk_A	0.5102040816326531	0.12244897959183673	0.14965986394557823	0.08843537414965986	0.1292517006802721
5oqt_A	0.5392781316348195	0.12526539278131635	0.07430997876857749	0.05307855626326964	0.208067940552017
3org_A	0.509493670886076	0.09968354430379747	0.09968354430379747	0.08227848101265822	0.2088607594936709
6ov2_A	0.5714285714285714	0.059907834101382486	0.06451612903225806	0.059907834101382486	0.24423963133640553
6owx_A	0.31958762886597936	0.05154639175257732	0.20618556701030927	0.15463917525773196	0.26804123711340205
1oz5_A	0.4013452914798206	0.1031390134529148	0.1031390134529148	0.07174887892376682	0.32062780269058294
6p25_A	0.3880048959608323	0.13708690330477355	0.1175030599755202	0.09914320685434516	0.2582619339045288
6p25_B	0.37417654808959155	0.14756258234519104	0.11594202898550725	0.08695652173913043	0.2753623188405797
1p49_A	0.37722419928825623	0.1103202846975089	0.12811387900355872	0.08896797153024912	0.29537366548042704
6p49_A	0.3603504928806134	0.13581599123767799	0.12376779846659365	0.11391018619934283	0.2661555312157722
3p5n_A	0.5238095238095238	0.12169312169312169	0.08994708994708994	0.021164021164021163	0.24338624338624337
4p6v_B	0.5228915662650603	0.14216867469879518	0.0819277108433735	0.05783132530120482	0.19518072289156627
4p6v_C	0.4396887159533074	0.07392996108949416	0.12840466926070038	0.12062256809338522	0.23735408560311283
4p6v_D	0.5285714285714286	0.1	0.0761904761904762	0.06190476190476191	0.23333333333333334
4p6v_E	0.5555555555555556	0.12626262626262627	0.06060606060606061	0.05555555555555555	0.20202020202020202
4p6v_F	0.4166666666666667	0.10294117647058823	0.11519607843137254	0.13725490196078433	0.22794117647058823
6p6i_A	0.48	0.08666666666666667	0.10833333333333334	0.07833333333333334	0.24666666666666667
6p6i_B	0.505	0.07	0.10833333333333334	0.09166666666666666	0.225
1p7b_A	0.43243243243243246	0.10510510510510511	0.13513513513513514	0.1021021021021021	0.22522522522522523
4p79_A	0.51010101010101	0.11616161616161616	0.05555555555555555	0.050505050505050504	0.2676767676767677
6p9x_R	0.3864168618266979	0.14285714285714285	0.13817330210772832	0.06557377049180328	0.26697892271662765
6p9y_R	0.37060041407867494	0.14492753623188406	0.11180124223602485	0.10973084886128365	0.2629399585921325
1pb2_A	0.43478260869565216	0.11801242236024845	0.08695652173913043	0.046583850931677016	0.3136645962732919
1pb4_C	0.4527027027027027	0.13513513513513514	0.12837837837837837	0.0472972972972973	0.23648648648648649
1pb4_D	0.4066666666666667	0.12666666666666668	0.09333333333333334	0.1	0.2733333333333333
6peq_E	0.39080459770114945	0.1781609195402299	0.09770114942528736	0.08045977011494253	0.25287356321839083
4pgr_A	0.5391705069124424	0.14285714285714285	0.07373271889400922	0.04608294930875576	0.19815668202764977
6pgi_A	0.6601941747572816	0.04854368932038835	0.06796116504854369	0.04854368932038835	0.17475728155339806
4phz_A	0.4523809523809524	0.09523809523809523	0.11666666666666667	0.10476190476190476	0.23095238095238096
3pjs_K	0.4939759036144578	0.08433734939759036	0.15060240963855423	0.07228915662650602	0.19879518072289157
3pjz_A	0.4979757085020243	0.1417004048582996	0.08299595141700405	0.05668016194331984	0.22064777327935223
6pl5_A	0.5782493368700266	0.11671087533156499	0.07427055702917772	0.058355437665782495	0.1724137931034483
6pl5_B	0.459866220735786	0.07859531772575251	0.12709030100334448	0.11371237458193979	0.22073578595317725
6pnj_A	0.4543147208121827	0.13324873096446702	0.11802030456852793	0.05710659898477157	0.23730964467005075
6pnj_I	0.44776119402985076	0.13432835820895522	0.029850746268656716	0.14925373134328357	0.23880597014925373
6pnj_L	0.47126436781609193	0.09195402298850575	0.08620689655172414	0.08045977011494253	0.27011494252873564
6pnj_W	0.42574257425742573	0.09900990099009901	0.1188118811881188	0.0891089108910891	0.26732673267326734
2prj_A	0.3836104513064133	0.1021377672209026	0.15795724465558195	0.13539192399049882	0.2209026128266033
6pt2_A	0.44933920704845814	0.09691629955947137	0.13876651982378854	0.0881057268722467	0.22687224669603523
6puo_A	0.3802910052910053	0.09523809523809523	0.1455026455026455	0.11574074074074074	0.26322751322751325
6pv7_B	0.37732342007434944	0.10223048327137546	0.12267657992565056	0.11338289962825279	0.2843866171003718
1pw4_A	0.49667405764966743	0.15521064301552107	0.08869179600886919	0.06208425720620843	0.1973392461197339
6pw4_A	0.45172031076581576	0.09655937846836848	0.11431742508324085	0.10543840177580466	0.23196448390677027
4px7_A	0.4541984732824427	0.11450381679389313	0.15648854961832062	0.06870229007633588	0.20610687022900764
6pzt_B	0.44966996699669964	0.08828382838283828	0.11303630363036303	0.10478547854785479	0.24422442244224424
4q2e_A	0.46551724137931033	0.1413793103448276	0.11379310344827587	0.07586206896551724	0.20344827586206896
4q4a_A	0.46507666098807493	0.07836456558773425	0.1260647359454855	0.10221465076660988	0.2282793867120954
6q53_A	0.3442622950819672	0.14754098360655737	0.09836065573770492	0.09836065573770492	0.3114754098360656
4q65_A	0.5273833671399595	0.13184584178498987	0.07910750507099391	0.05070993914807302	0.21095334685598377
2q7m_A	0.43478260869565216	0.16149068322981366	0.07453416149068323	0.055900621118012424	0.2732919254658385
3q7k_A	0.5221843003412969	0.11604095563139932	0.09556313993174062	0.05460750853242321	0.21160409556313994
6qkc_I	0.46335697399527187	0.07565011820330969	0.1182033096926714	0.07801418439716312	0.2647754137115839
1qle_C	0.5128205128205128	0.1794871794871795	0.08058608058608059	0.06227106227106227	0.16483516483516483
3qnq_A	0.5520361990950227	0.11312217194570136	0.07013574660633484	0.049773755656108594	0.2149321266968326
4qnd_A	0.5544554455445545	0.1188118811881188	0.07920792079207921	0.0297029702970297	0.21782178217821782
4qtn_A	0.5040983606557377	0.14754098360655737	0.11065573770491803	0.04918032786885246	0.1885245901639344
6qti_A	0.507366482504604	0.06906077348066299	0.09392265193370165	0.072744014732965	0.2569060773480663
4quv_A	0.4379391100702576	0.1756440281030445	0.11475409836065574	0.06791569086651054	0.20374707259953162
6qu1_A	0.3695652173913043	0.049689440993788817	0.18012422360248448	0.11801242236024845	0.2826086956521739
6quz_B	0.4340567612687813	0.08347245409015025	0.13689482470784642	0.11185308848080133	0.2337228714524207
6qwj_K	0.5591397849462365	0.06451612903225806	0.06451612903225806	0.021505376344086023	0.2903225806451613
4r1i_A	0.5402298850574713	0.11302681992337164	0.07471264367816093	0.05555555555555555	0.2164750957854406
6r3q_A	0.38217338217338215	0.09340659340659341	0.1336996336996337	0.1105006105006105	0.2802197802197802
6r4l_A	0.37145242070116863	0.12604340567612687	0.1018363939899833	0.10684474123539232	0.2938230383973289
6r6b_D	0.48148148148148145	0.12037037037037036	0.07407407407407407	0.09259259259259259	0.23148148148148148
6r6b_F	0.4440677966101695	0.15593220338983052	0.06779661016949153	0.05084745762711865	0.28135593220338984
6r6b_I	0.5697674418604651	0.10465116279069768	0.046511627906976744	0.046511627906976744	0.23255813953488372
6r7d_A	0.5222929936305732	0.12738853503184713	0.14012738853503184	0.03821656050955414	0.17197452229299362
6rag_A	0.4590690208667737	0.11075441412520064	0.1476725521669342	0.11556982343499198	0.16693418940609953
6rag_B	0.5155709342560554	0.08996539792387544	0.14013840830449828	0.10553633217993079	0.14878892733564014
2rdd_B	0.43243243243243246	0.10810810810810811	0.1891891891891892	0.05405405405405406	0.21621621621621623
6rd4_0	0.3902439024390244	0.0975609756097561	0.14634146341463414	0.04878048780487805	0.3170731707317073
6rd4_3	0.4369230769230769	0.08923076923076922	0.11076923076923077	0.1076923076923077	0.2553846153846154
6rd4_5	0.4146341463414634	0.08130081300813008	0.16260162601626016	0.08130081300813008	0.2601626016260163
6rd4_8	0.4044943820224719	0.1348314606741573	0.15730337078651685	0.06741573033707865	0.23595505617977527
6rd4_9	0.3917525773195876	0.18556701030927836	0.1134020618556701	0.07216494845360824	0.23711340206185566
4rfs_S	0.5369458128078818	0.10344827586206896	0.07881773399014778	0.024630541871921183	0.2561576354679803
6rfq_L	0.6067415730337079	0.11235955056179775	0.056179775280898875	0.0449438202247191	0.1797752808988764
6rfq_S	0.39759036144578314	0.08032128514056225	0.17670682730923695	0.13253012048192772	0.21285140562248997
6rfq_a	0.31543624161073824	0.1476510067114094	0.1476510067114094	0.1476510067114094	0.24161073825503357
6rfq_b	0.47297297297297297	0.10810810810810811	0.14864864864864866	0.05405405405405406	0.21621621621621623
6rfq_e	0.373134328358209	0.14925373134328357	0.208955223880597	0.07462686567164178	0.19402985074626866
6rfq_g	0.358974358974359	0.15384615384615385	0.14102564102564102	0.0641025641025641	0.28205128205128205
6rfq_i	0.4222222222222222	0.1111111111111111	0.12222222222222222	0.08888888888888889	0.25555555555555554
6rfq_n	0.325	0.125	0.15	0.11666666666666667	0.2833333333333333
3rgb_C	0.4290657439446367	0.18685121107266436	0.09342560553633218	0.08650519031141868	0.2041522491349481
1rh5_A	0.555045871559633	0.10321100917431193	0.08944954128440367	0.05963302752293578	0.1926605504587156
1rh5_B	0.43243243243243246	0.08108108108108109	0.17567567567567569	0.0945945945945946	0.21621621621621623
1rh5_C	0.4716981132075472	0.09433962264150944	0.1509433962264151	0.11320754716981132	0.16981132075471697
3rhw_A	0.3746397694524496	0.1239193083573487	0.11815561959654179	0.07204610951008646	0.3112391930835735
3rko_L	0.564437194127243	0.11908646003262642	0.07504078303425775	0.04730831973898858	0.19412724306688417
3rko_M	0.5265225933202358	0.14341846758349705	0.07072691552062868	0.043222003929273084	0.21611001964636542
3rko_N	0.5814432989690722	0.1134020618556701	0.05979381443298969	0.041237113402061855	0.20412371134020618
3rko_K	0.63	0.06	0.08	0.05	0.18
3rko_A	0.4897959183673469	0.1360544217687075	0.11564625850340136	0.06802721088435375	0.19047619047619047
3rko_J	0.5869565217391305	0.09239130434782608	0.08152173913043478	0.08152173913043478	0.15760869565217392
6rko_B	0.5092348284960422	0.1424802110817942	0.0712401055408971	0.06068601583113457	0.21635883905013192
6rko_A	0.47418738049713194	0.13575525812619502	0.08986615678776291	0.08221797323135756	0.2179732313575526
6rmg_A	0.4126444595513256	0.10808973487423522	0.11556764106050306	0.10197144799456152	0.26172671651937457
4rng_A	0.5425531914893617	0.11702127659574468	0.13829787234042554	0.0425531914893617	0.1595744680851064
6roh_C	0.3220338983050847	0.11138014527845036	0.15980629539951574	0.11138014527845036	0.29539951573849876
6roj_A	0.38976109215017063	0.10238907849829351	0.11604095563139932	0.12354948805460751	0.26825938566552904
4rp8_A	0.5419354838709678	0.12688172043010754	0.06236559139784946	0.04946236559139785	0.21935483870967742
6rtc_A	0.4665629860031104	0.1166407465007776	0.09642301710730948	0.060653188180404355	0.25972006220839816
6rv2_A	0.4431818181818182	0.14015151515151514	0.11363636363636363	0.07954545454545454	0.22348484848484848
6rw8_A	0.36821244550138726	0.10225921521997622	0.11137534680935395	0.12128418549346016	0.2968688069758224
6rw9_A	0.3827460510328068	0.08019441069258809	0.12150668286755771	0.11624139327663022	0.29931146213041715
4ry2_A	0.45616438356164385	0.08904109589041095	0.1273972602739726	0.10273972602739725	0.22465753424657534
4ryi_A	0.3701657458563536	0.2154696132596685	0.11049723756906077	0.055248618784530384	0.24861878453038674
6ryo_A	0.45454545454545453	0.13903743315508021	0.12299465240641712	0.0855614973262032	0.19786096256684493
3s0x_A	0.48523206751054854	0.14345991561181434	0.07172995780590717	0.08016877637130802	0.21940928270042195
6s1k_E	0.4646098003629764	0.04900181488203267	0.09618874773139746	0.12159709618874773	0.26860254083484575
6s3k_A	0.4942339373970346	0.10873146622734761	0.11202635914332784	0.05601317957166392	0.22899505766062603
6s3l_G	0.5280898876404494	0.1348314606741573	0.0449438202247191	0.06741573033707865	0.2247191011235955
6s3l_K	0.4602409638554217	0.08674698795180723	0.12530120481927712	0.10361445783132531	0.22409638554216868
6s3s_E	0.5083612040133779	0.08361204013377926	0.046822742474916385	0.06020066889632107	0.3010033444816054
1s5l_X	0.58	0.06	0.06	0.02	0.28
6s7t_A	0.4019370460048426	0.14043583535108958	0.12953995157384987	0.07990314769975787	0.24818401937046006
6s7t_C	0.4936708860759494	0.189873417721519	0.06329113924050633	0.06329113924050633	0.189873417721519
6s7t_D	0.46017699115044247	0.1415929203539823	0.061946902654867256	0.05309734513274336	0.2831858407079646
6s7t_E	0.385502471169687	0.09060955518945635	0.14332784184514002	0.13179571663920922	0.2487644151565074
6s7t_F	0.40887480190174325	0.08716323296354993	0.10142630744849446	0.10301109350237718	0.29952456418383516
6s7t_G	0.39035087719298245	0.12280701754385964	0.1162280701754386	0.1074561403508772	0.2631578947368421
6s7t_H	0.4298507462686567	0.11940298507462686	0.13432835820895522	0.06567164179104477	0.2507462686567164
6s7t_I	0.4315068493150685	0.08904109589041095	0.1267123287671233	0.136986301369863	0.21575342465753425
6s7v_A	0.5264550264550265	0.15079365079365079	0.07142857142857142	0.03439153439153439	0.21693121693121692
6sem_A	0.3719626168224299	0.11775700934579439	0.13457943925233645	0.10841121495327102	0.2672897196261682
6sgw_A	0.40963855421686746	0.0963855421686747	0.1686746987951807	0.060240963855421686	0.26506024096385544
6sgz_D	0.4825174825174825	0.04895104895104895	0.13286713286713286	0.10839160839160839	0.22727272727272727
6sh3_A	0.3815789473684211	0.09210526315789473	0.1425438596491228	0.10964912280701754	0.2741228070175439
6shk_A	0.5625	0.0	0.16666666666666666	0.1875	0.08333333333333333
6snh_X	0.4110320284697509	0.1797153024911032	0.09608540925266904	0.0498220640569395	0.26334519572953735
6sp2_A	0.4522417153996101	0.11306042884990253	0.06042884990253411	0.06042884990253411	0.3138401559454191
1sr1_A	0.5732217573221757	0.1297071129707113	0.06276150627615062	0.058577405857740586	0.17573221757322174
6su3_X	0.4962121212121212	0.13636363636363635	0.09090909090909091	0.041666666666666664	0.23484848484848486
5sv0_B	0.5163934426229508	0.06967213114754098	0.10245901639344263	0.0860655737704918	0.22540983606557377
5sv9_A	0.41386554621848737	0.14915966386554622	0.09453781512605042	0.0546218487394958	0.28781512605042014
5sy1_A	0.4373134328358209	0.11044776119402985	0.1253731343283582	0.06567164179104477	0.26119402985074625
6syt_A	0.3863275039745628	0.0724960254372019	0.12337042925278219	0.112241653418124	0.3055643879173291
6t0b_e	0.35074626865671643	0.1044776119402985	0.14925373134328357	0.11194029850746269	0.2835820895522388
6t0b_h	0.39215686274509803	0.21568627450980393	0.17647058823529413	0.0392156862745098	0.17647058823529413
6t0b_m	0.3794642857142857	0.08928571428571429	0.16517857142857142	0.11160714285714286	0.2544642857142857
5t4o_I	0.4774193548387097	0.03225806451612903	0.16774193548387098	0.16774193548387098	0.15483870967741936
5t4o_K	0.5092250922509225	0.12177121771217712	0.07749077490774908	0.05904059040590406	0.23247232472324722
6t6v_A	0.48556430446194226	0.14173228346456693	0.09711286089238845	0.06955380577427822	0.20603674540682415
5tbj_B	0.37950138504155123	0.12188365650969529	0.11911357340720222	0.10249307479224377	0.2770083102493075
5tcx_A	0.4634146341463415	0.10975609756097561	0.10569105691056911	0.07723577235772358	0.24390243902439024
3tdo_A	0.5410447761194029	0.09701492537313433	0.0708955223880597	0.041044776119402986	0.25
6tdx_O	0.5865384615384616	0.07692307692307693	0.07692307692307693	0.028846153846153848	0.23076923076923078
5tj6_A	0.3813084112149533	0.10747663551401869	0.11682242990654206	0.10560747663551402	0.288785046728972
6tjv_D	0.5808383233532934	0.10379241516966067	0.06786427145708583	0.041916167664670656	0.2055888223552894
6tjv_F	0.5548281505728314	0.11620294599018004	0.054009819967266774	0.049099836333878884	0.22585924713584288
4tkr_A	0.4953271028037383	0.14953271028037382	0.1261682242990654	0.04672897196261682	0.1822429906542056
6tp3_A	0.4592391304347826	0.13043478260869565	0.1358695652173913	0.059782608695652176	0.21467391304347827
4tq3_A	0.5016501650165016	0.14521452145214522	0.07260726072607261	0.066006600660066	0.2145214521452145
4tqu_M	0.4850498338870432	0.14285714285714285	0.08970099667774087	0.05647840531561462	0.22591362126245848
4tqu_N	0.4819672131147541	0.14098360655737704	0.11475409836065574	0.06229508196721312	0.2
5tqq_A	0.45305514157973176	0.11624441132637854	0.09836065573770492	0.06706408345752608	0.26527570789865873
6tqe_A	0.43894899536321486	0.10664605873261206	0.12364760432766615	0.09119010819165378	0.23956723338485317
4tsy_A	0.43575418994413406	0.11731843575418995	0.15083798882681565	0.0782122905027933	0.21787709497206703
5tta_A	0.31048387096774194	0.12096774193548387	0.11693548387096774	0.10887096774193548	0.34274193548387094
5ttp_A	0.4462809917355372	0.06776859504132231	0.1371900826446281	0.1024793388429752	0.2462809917355372
5twv_B	0.4308176100628931	0.09056603773584905	0.11949685534591195	0.09433962264150944	0.2647798742138365
6tyi_Y	0.4110429447852761	0.06134969325153374	0.15337423312883436	0.12883435582822086	0.24539877300613497
6u1n_R	0.37328094302554027	0.08644400785854617	0.1100196463654224	0.08055009823182711	0.34970530451866405
4u4t_A	0.49473684210526314	0.1368421052631579	0.07157894736842105	0.04421052631578947	0.25263157894736843
1u5n_A	0.36074918566775244	0.09201954397394137	0.13843648208469056	0.12052117263843648	0.28827361563517917
5u6o_A	0.40454545454545454	0.10909090909090909	0.12878787878787878	0.11212121212121212	0.24545454545454545
5u70_A	0.3597002497918401	0.09575353871773522	0.1398834304746045	0.10990840965861781	0.29475437135720234
6u9v_A	0.3218390804597701	0.11494252873563218	0.1330049261083744	0.10673234811165845	0.32348111658456485
5uar_A	0.4036144578313253	0.09571619812583668	0.13721552878179386	0.10843373493975904	0.25502008032128515
3udc_A	0.44912280701754387	0.10526315789473684	0.1368421052631579	0.12280701754385964	0.18596491228070175
3ukm_A	0.41785714285714287	0.15714285714285714	0.10714285714285714	0.09642857142857143	0.22142857142857142
6ukj_A	0.3922413793103448	0.1336206896551724	0.1314655172413793	0.07974137931034483	0.2629310344827586
4umv_A	0.523224043715847	0.040983606557377046	0.10245901639344263	0.10109289617486339	0.23224043715846995
6umm_B	0.6147368421052631	0.05052631578947368	0.06736842105263158	0.061052631578947365	0.2063157894736842
6uox_A	0.39580093312597203	0.12441679626749612	0.08475894245723173	0.09175738724727839	0.30326594090202175
4uqq_B	0.3895809739524349	0.10305775764439411	0.12684031710079274	0.10985277463193659	0.2706681766704417
4us3_A	0.5626373626373626	0.13626373626373625	0.054945054945054944	0.05274725274725275	0.1934065934065934
4uvm_A	0.49809160305343514	0.13740458015267176	0.08015267175572519	0.05152671755725191	0.23282442748091603
1uwd_A	0.42718446601941745	0.04854368932038835	0.0970873786407767	0.17475728155339806	0.2524271844660194
4uwa_A	0.3676293622141998	0.08844765342960288	0.1371841155234657	0.12876052948255115	0.2779783393501805
6uwm_A	0.519163763066202	0.09407665505226481	0.12195121951219512	0.08710801393728224	0.17770034843205576
5uz7_R	0.3772455089820359	0.14570858283433133	0.1317365269461078	0.08582834331337326	0.25948103792415167
6uzz_A	0.400359066427289	0.10233393177737882	0.15978456014362658	0.0807899461400359	0.25673249551166966
6v00_C	0.36619718309859156	0.10422535211267606	0.14647887323943662	0.14084507042253522	0.24225352112676057
4v1f_A	0.6511627906976745	0.09302325581395349	0.023255813953488372	0.05813953488372093	0.1744186046511628
6v1q_A	0.41009055627425617	0.129366106080207	0.11901681759379043	0.09184993531694696	0.24967658473479948
6v22_E	0.3561643835616438	0.1050228310502283	0.1141552511415525	0.1004566210045662	0.3242009132420091
5v4s_A	0.41935483870967744	0.12473118279569892	0.12258064516129032	0.10752688172043011	0.22580645161290322
3v5s_A	0.5875	0.090625	0.0875	0.053125	0.18125
5v56_A	0.40735068912710565	0.11638591117917305	0.10872894333843798	0.10566615620214395	0.26186830015313933
5v7p_A	0.4305555555555556	0.1875	0.07291666666666667	0.059027777777777776	0.25
5v8k_A	0.475	0.15666666666666668	0.11666666666666667	0.05333333333333334	0.19833333333333333
6v8q_A	0.3885135135135135	0.11993243243243243	0.11993243243243243	0.08108108108108109	0.2905405405405405
5va2_A	0.40969696969696967	0.08969696969696969	0.12363636363636364	0.09696969696969697	0.28
6val_A	0.3967479674796748	0.10569105691056911	0.13658536585365855	0.1008130081300813	0.2601626016260163
5vhw_A	0.4030274361400189	0.11258278145695365	0.1173131504257332	0.10879848628192999	0.2582781456953642
6vja_C	0.3776978417266187	0.08273381294964029	0.1079136690647482	0.11870503597122302	0.3129496402877698
6vjz_C	0.44549763033175355	0.15165876777251186	0.0995260663507109	0.07582938388625593	0.22748815165876776
6vjz_B	0.3458333333333333	0.10208333333333333	0.10625	0.11041666666666666	0.33541666666666664
5vkq_A	0.4416859122401848	0.06235565819861432	0.1397228637413395	0.09988452655889145	0.25635103926096997
5vkv_A	0.5560344827586207	0.13793103448275862	0.10775862068965517	0.02586206896551724	0.1724137931034483
6vk0_D	0.3392330383480826	0.11799410029498525	0.11209439528023599	0.14749262536873156	0.2831858407079646
3vma_A	0.421875	0.07942708333333333	0.12369791666666667	0.09114583333333333	0.2838541666666667
3vmq_A	0.3269961977186312	0.10266159695817491	0.16730038022813687	0.08365019011406843	0.3193916349809886
3vou_A	0.43243243243243246	0.11486486486486487	0.13513513513513514	0.08783783783783784	0.22972972972972974
2vpw_C	0.5889328063241107	0.1422924901185771	0.07509881422924901	0.039525691699604744	0.1541501976284585
6vq8_a	0.3926014319809069	0.12171837708830549	0.12171837708830549	0.10978520286396182	0.2541766109785203
6vq8_c	0.42764578833693306	0.1101511879049676	0.08207343412526998	0.08639308855291576	0.2937365010799136
6vq8_e	0.49382716049382713	0.1728395061728395	0.06172839506172839	0.024691358024691357	0.24691358024691357
6vq8_f	0.47959183673469385	0.1326530612244898	0.08163265306122448	0.07142857142857142	0.23469387755102042
6vq8_p	0.41714285714285715	0.08571428571428572	0.10571428571428572	0.11142857142857143	0.28
5vre_A	0.4975369458128079	0.13793103448275862	0.10344827586206896	0.06403940886699508	0.19704433497536947
6vrh_A	0.42857142857142855	0.14761904761904762	0.0746031746031746	0.07142857142857142	0.2777777777777778
6vx5_E	0.4146341463414634	0.14878048780487804	0.11951219512195121	0.10975609756097561	0.2073170731707317
4w6v_A	0.5375722543352601	0.1233140655105973	0.07514450867052024	0.04238921001926782	0.22157996146435452
6wc9_A	0.4603174603174603	0.09722222222222222	0.10515873015873016	0.07142857142857142	0.26587301587301587
3wdo_A	0.5562913907284768	0.09492273730684327	0.08609271523178808	0.06622516556291391	0.19646799116997793
4wd7_A	0.43521594684385384	0.09966777408637874	0.11627906976744186	0.09634551495016612	0.25249169435215946
5wie_B	0.36278195488721804	0.12593984962406016	0.10526315789473684	0.12218045112781954	0.28383458646616544
3wmf_A	0.4830917874396135	0.09339774557165861	0.10628019323671498	0.09822866344605476	0.21900161030595813
3wmm_M	0.48	0.16615384615384615	0.08923076923076922	0.04923076923076923	0.2153846153846154
3wmm_A	0.5245901639344263	0.09836065573770492	0.09836065573770492	0.06557377049180328	0.21311475409836064
4wmz_A	0.3784786641929499	0.11688311688311688	0.15955473098330242	0.1038961038961039	0.24118738404452691
3wo7_A	0.43700787401574803	0.1141732283464567	0.09055118110236221	0.07086614173228346	0.2874015748031496
5wpq_A	0.3952702702702703	0.11486486486486487	0.11655405405405406	0.08952702702702703	0.28378378378378377
2wsc_H	0.4236111111111111	0.09027777777777778	0.11805555555555555	0.05555555555555555	0.3125
2wsw_A	0.48722986247544203	0.15324165029469547	0.07465618860510806	0.0550098231827112	0.22986247544204322
5wtr_A	0.5164319248826291	0.12206572769953052	0.09389671361502347	0.056338028169014086	0.2112676056338028
5wuf_A	0.5301204819277109	0.0963855421686747	0.13654618473895583	0.08032128514056225	0.1566265060240964
3x3b_A	0.4413793103448276	0.16206896551724137	0.07931034482758621	0.06551724137931035	0.2517241379310345
5x3x_m	0.6171171171171171	0.08558558558558559	0.07657657657657657	0.04954954954954955	0.17117117117117117
5x3x_q	0.569672131147541	0.06147540983606557	0.11475409836065574	0.045081967213114756	0.20901639344262296
4x5m_B	0.49	0.13	0.09	0.05	0.24
5x5y_G	0.5070422535211268	0.09859154929577464	0.10140845070422536	0.07605633802816901	0.21690140845070421
5x5y_F	0.5	0.10220994475138122	0.09668508287292818	0.07458563535911603	0.2265193370165746
5x9h_A	0.5010570824524313	0.06342494714587738	0.11839323467230443	0.1522198731501057	0.1649048625792812
5xam_A	0.49466666666666664	0.07466666666666667	0.10666666666666667	0.07466666666666667	0.24933333333333332
4xee_A	0.4195933456561922	0.10536044362292052	0.1423290203327172	0.07578558225508318	0.25693160813308685
5xef_A	0.36585365853658536	0.0975609756097561	0.11382113821138211	0.1951219512195122	0.22764227642276422
5xez_A	0.4094076655052265	0.1254355400696864	0.13763066202090593	0.08710801393728224	0.24041811846689895
1xio_A	0.4329501915708812	0.1532567049808429	0.09578544061302682	0.06513409961685823	0.25287356321839083
5xj5_A	0.545	0.155	0.1	0.035	0.165
5xjy_A	0.3891540130151844	0.09891540130151844	0.12321041214750543	0.11106290672451193	0.27765726681127983
5xls_A	0.5793103448275863	0.08045977011494253	0.08275862068965517	0.05057471264367816	0.20689655172413793
5xmj_C	0.5275229357798165	0.12385321100917432	0.12385321100917432	0.03669724770642202	0.18807339449541285
4xnv_A	0.4085510688836104	0.14251781472684086	0.10451306413301663	0.0688836104513064	0.2755344418052256
5xnl_K	0.47540983606557374	0.19672131147540983	0.03278688524590164	0.03278688524590164	0.26229508196721313
5xpd_A	0.4402730375426621	0.14334470989761092	0.10921501706484642	0.07167235494880546	0.2354948805460751
2xq2_A	0.5345699831365935	0.1281618887015177	0.06745362563237774	0.05396290050590219	0.21585160202360876
4xu4_A	0.5714285714285714	0.08095238095238096	0.09523809523809523	0.05238095238095238	0.2
5xu1_M	0.4630071599045346	0.07159904534606205	0.09307875894988067	0.09785202863961814	0.2744630071599045
4xxj_A	0.5278810408921933	0.11895910780669144	0.08550185873605948	0.07434944237918216	0.19330855018587362
4xyd_B	0.4066666666666667	0.11333333333333333	0.10666666666666667	0.13333333333333333	0.24
6y1z_A	0.39464285714285713	0.11071428571428571	0.11964285714285715	0.09821428571428571	0.2767857142857143
5y4o_A	0.44126074498567336	0.11461318051575932	0.12607449856733524	0.07449856733524356	0.24355300859598855
6y5r_A	0.44040036396724297	0.09372156505914468	0.11555959963603275	0.10100090991810737	0.24931756141947226
2y69_D	0.35502958579881655	0.1242603550295858	0.1834319526627219	0.1242603550295858	0.21301775147928995
2y69_G	0.36082474226804123	0.1134020618556701	0.1958762886597938	0.041237113402061855	0.28865979381443296
2y69_I	0.40540540540540543	0.16216216216216217	0.21621621621621623	0.08108108108108109	0.13513513513513514
2y69_J	0.3875	0.1	0.175	0.0625	0.275
2y69_K	0.4	0.1	0.15	0.0625	0.2875
2y69_L	0.38095238095238093	0.14285714285714285	0.19047619047619047	0.047619047619047616	0.23809523809523808
2y69_M	0.44285714285714284	0.08571428571428572	0.15714285714285714	0.02857142857142857	0.2857142857142857
4y7j_A	0.4620938628158845	0.07942238267148015	0.16606498194945848	0.1299638989169675	0.1624548736462094
5y78_A	0.44072948328267475	0.14285714285714285	0.0972644376899696	0.03343465045592705	0.2857142857142857
1y8s_A	0.512	0.106	0.096	0.08	0.206
5y83_A	0.4057649667405765	0.15077605321507762	0.1352549889135255	0.09312638580931264	0.21507760532150777
5yck_A	0.47770700636942676	0.12738853503184713	0.06369426751592357	0.055201698513800426	0.2760084925690021
2yev_A	0.47661188369152974	0.18078381795195955	0.08596713021491782	0.04677623261694058	0.20986093552465235
2yev_B	0.4362017804154303	0.11869436201780416	0.10979228486646884	0.10682492581602374	0.228486646884273
2yev_C	0.6515151515151515	0.12121212121212122	0.07575757575757576	0.045454545454545456	0.10606060606060606
1yg7_A	0.4904580152671756	0.09541984732824428	0.09541984732824428	0.06870229007633588	0.25
5yhl_A	0.4427710843373494	0.10843373493975904	0.09939759036144578	0.0572289156626506	0.2921686746987952
2yiu_A	0.4777777777777778	0.16666666666666666	0.10888888888888888	0.06666666666666667	0.18
2ym0_A	0.38197424892703863	0.0815450643776824	0.1072961373390558	0.0944206008583691	0.33476394849785407
4ymk_A	0.3687315634218289	0.1415929203539823	0.17404129793510326	0.0943952802359882	0.22123893805309736
4yms_D	0.5454545454545454	0.09545454545454546	0.08636363636363636	0.05454545454545454	0.21818181818181817
5yq7_E	0.43636363636363634	0.12727272727272726	0.10909090909090909	0.07272727272727272	0.2545454545454545
5yq7_L	0.47096774193548385	0.15806451612903225	0.07741935483870968	0.06451612903225806	0.22903225806451613
5yq7_C	0.421875	0.090625	0.084375	0.05625	0.346875
5ys3_A	0.5833333333333334	0.13541666666666666	0.057291666666666664	0.036458333333333336	0.1875
4ytp_C	0.4970414201183432	0.07100591715976332	0.1301775147928994	0.03550295857988166	0.26627218934911245
4ytp_D	0.5157232704402516	0.0880503144654088	0.1320754716981132	0.03773584905660377	0.22641509433962265
5yx9_A	0.3845327604726101	0.10633727175080558	0.1364124597207304	0.12459720730397422	0.24812030075187969
4yzf_A	0.4456641053787047	0.09769484083424808	0.10098792535675083	0.1163556531284303	0.23929747530186607
5z10_A	0.4020416175893208	0.11150372987828819	0.12524538672948568	0.09933254809579897	0.2618767177071064
5z1f_A	0.4185082872928177	0.13535911602209943	0.11464088397790055	0.07458563535911603	0.2569060773480663
4z34_A	0.4396551724137931	0.10991379310344827	0.1206896551724138	0.09051724137931035	0.23922413793103448
4z3n_A	0.5671342685370742	0.11422845691382766	0.09218436873747494	0.04809619238476954	0.17835671342685372
4z7f_A	0.4723618090452261	0.1658291457286432	0.12060301507537688	0.03015075376884422	0.21105527638190955
1z8e_A	0.4244031830238727	0.11936339522546419	0.13793103448275862	0.0610079575596817	0.2572944297082228
5zaz_A	0.5769230769230769	0.057692307692307696	0.11538461538461539	0.11538461538461539	0.1346153846153846
1zc7_A	0.5287081339712919	0.14114832535885166	0.0645933014354067	0.03110047846889952	0.23444976076555024
5zdh_A	0.43808049535603716	0.04179566563467492	0.10526315789473684	0.11764705882352941	0.29721362229102166
5zgb_K	0.65	0.05	0.05	0.016666666666666666	0.23333333333333334
5zgb_O	0.4838709677419355	0.12258064516129032	0.08387096774193549	0.03225806451612903	0.27741935483870966
5zih_A	0.4421965317919075	0.12716763005780346	0.10404624277456648	0.09248554913294797	0.23410404624277456
5zji_O	0.3858267716535433	0.13385826771653545	0.11811023622047244	0.05511811023622047	0.30708661417322836
5zle_A	0.5034246575342466	0.11643835616438356	0.09246575342465753	0.05821917808219178	0.22945205479452055
4zr0_A	0.3494897959183674	0.16071428571428573	0.14795918367346939	0.12244897959183673	0.2193877551020408
1zti_A	0.47875354107648727	0.09348441926345609	0.11048158640226628	0.04815864022662889	0.26912181303116145
5ztf_A	0.42990654205607476	0.07476635514018691	0.10747663551401869	0.12149532710280374	0.26635514018691586
3zux_A	0.5813253012048193	0.09036144578313253	0.08132530120481928	0.0391566265060241	0.20783132530120482
4zw9_A	0.47104247104247104	0.10424710424710425	0.0945945945945946	0.07335907335907337	0.25675675675675674
5zx5_A	0.39137510170870626	0.10496338486574451	0.14727420667209112	0.10821806346623271	0.2481692432872254
1zza_A	0.4777777777777778	0.044444444444444446	0.1	0.1111111111111111	0.26666666666666666
